names,scores,logfoldchanges,pvals,pvals_adj,pct_in,pct_out,cluster,gene_idx
HU09G01127,27.403128,4.148305,2.5169441402972883e-165,6.346131430104117e-162,0.6360887096774219,0.1515946974668598,0,19442
HU07G00868,22.376371,3.8453376,6.6868461991053e-111,6.623559976149481e-108,0.49697580645161926,0.07166294789342431,0,3208
HU01G00994,21.09856,3.16769,8.199629064695542e-99,5.4146836216507344e-96,0.5100806451612965,0.1134007087544315,0,7960
HU01G00862,20.660494,2.4260375,7.85558166534257e-95,4.736403423658178e-92,0.5715725806451657,0.19582622391389734,0,7828
HU06G01379,19.493824,2.4803758,1.238698474230268e-84,5.45322256869468e-82,0.5362903225806506,0.18112613203832403,0,21815
HU04G00061,19.040266,2.740023,7.912418138233378e-81,3.325013894907617e-78,0.47983870967742526,0.12048825305158367,0,4783
HU03G01935,17.846264,2.781083,3.090345466953474e-71,1.0083615473641718e-68,0.4516129032258116,0.12324452027825396,0,11704
HU02G03364,17.30671,2.220701,4.186636236278729e-67,1.2222774317177952e-64,0.4979838709677483,0.17220107625672595,0,16152
HU02G03155,16.739492,2.178627,6.756258617371535e-63,1.784617454788567e-60,0.4818548387096834,0.17193857461609072,0,15943
HU09G00053,16.179476,2.2494266,7.039033892921316e-59,1.6544712289845145e-56,0.45060483870968254,0.14371964824780267,0,18368
HU11G00352,15.144791,2.1183121,8.201592512464048e-52,1.6849716172828917e-49,0.46572580645161843,0.18821367633547545,0,25840
HU02G02831,15.026988,1.9802663,4.887278186023203e-51,9.682047177810965e-49,0.45060483870968254,0.16918230738942072,0,15619
HU09G01549,14.572093,1.9397669,4.22736875350308e-48,7.663141985516858e-46,0.44052419354839195,0.16524478277989216,0,19864
HU11G00388,14.185991,1.901977,1.118741154257314e-45,1.9035758229034723e-43,0.4324596774193595,0.16603228770179787,0,25876
HU06G00033,14.065446,2.027605,6.193114185695859e-45,1.041006193577422e-42,0.4122983870967783,0.1480509253182841,0,20469
HU01G02308,13.905512,1.8762983,5.864607896473191e-44,9.681839286231187e-42,0.42842741935484324,0.1669510434440212,0,9274
HU05G01780,13.877385,1.9879614,8.685547703762878e-44,1.4170215621403732e-41,0.4092741935483911,0.1481821761386017,0,1779
HU05G01434,13.700423,1.7283431,1.009337553546258e-42,1.572695339753116e-40,0.4516129032258116,0.1926762042262745,0,1433
HU05G01979,13.65787,1.7092929,1.8120609985978554e-42,2.7766581102824043e-40,0.4516129032258116,0.19228245176532163,0,1978
HU09G01164,13.499646,1.7451243,1.5712798960720475e-41,2.3057908951089015e-39,0.4344758064516176,0.17548234676466642,0,19479
HU01G01506,13.229221,1.8074597,5.950035075568052e-40,8.210160339347259e-38,0.41330645161290736,0.16222601391258692,0,8472
HU09G01767,13.163769,1.6849463,1.4183005655745136e-39,1.937761881094046e-37,0.4364919354838757,0.18703241895261688,0,20082
HU06G00422,13.107685,1.7996564,2.9754062918854667e-39,4.025507000265533e-37,0.42842741935484324,0.18060112875705356,0,20858
HU02G00446,12.185173,1.5767385,3.7285974694751774e-34,4.616636197138127e-32,0.41633064516129453,0.18243864024150022,0,13234
HU06G02426,11.920431,1.5952895,9.262842315104794e-33,1.1218555965477357e-30,0.4042338709677458,0.17850111563197166,0,22862
HU11G01904,11.812017,1.5397702,3.383430752092658e-32,4.0623139354670936e-30,0.41330645161290736,0.1884761779761107,0,27392
HU11G00883,11.044036,1.4381387,2.3426862330698074e-28,2.470509607383692e-26,0.4042338709677458,0.19398871242945068,0,26371
HU04G00061,12.590981,2.2904232,2.3671311694660606e-36,5.0501833065493225e-33,0.5954692556634302,0.14574801252710004,1,4783
HU02G03364,11.645549,1.9425641,2.4175915526899683e-31,2.2350633904618757e-28,0.6245954692556629,0.19429053240182817,1,16152
HU07G00868,11.572811,2.4290826,5.6597349482303545e-31,4.756749963308148e-28,0.5145631067961173,0.10599855456516385,1,3208
HU05G01856,10.763965,2.1927607,5.093100343109747e-27,2.315690787149981e-24,0.4951456310679621,0.1119007468079968,1,1855
HU02G00446,10.413826,1.6645871,2.144259595097347e-25,7.252565837807917e-23,0.5857605177993527,0.1953746085280628,1,13234
HU02G02831,10.254682,1.6599901,1.1274738048687252e-24,3.398965867177619e-22,0.5760517799352751,0.18766562274150547,1,15619
HU01G00993,9.937219,1.9490943,2.8672169569563385e-23,7.100201991177147e-21,0.4854368932038844,0.1280414357986012,1,7959
HU01G02308,9.862954,1.631666,6.02503672085318e-23,1.453081682198808e-20,0.5533980582524275,0.1838111298482268,1,9274
HU04G00312,9.684663,1.914027,3.503629546812548e-22,7.474858883142001e-20,0.4692556634304215,0.11936882678872421,1,5034
HU09G01549,9.682787,1.5961741,3.568542412203769e-22,7.555230824616148e-20,0.550161812297735,0.1838111298482268,1,19864
HU08G02154,9.657744,1.453898,4.557891003788873e-22,9.211556916636456e-20,0.5598705501618125,0.18453384726571656,1,25298
HU02G03199,9.642269,1.5744398,5.300317150573181e-22,1.0425836607882778e-19,0.5469255663430425,0.1806793543724379,1,15987
HU05G01780,9.608103,1.6107918,7.389821736413481e-22,1.3848426071582966e-19,0.5275080906148873,0.16526138279932326,1,1779
HU11G00388,9.59349,1.50014,8.515512413569295e-22,1.5538008999364763e-19,0.5533980582524275,0.18344977113948194,1,25876
HU02G03155,9.502234,1.5425363,2.054331174544625e-21,3.566240090196902e-19,0.55663430420712,0.19465189111057304,1,15943
HU09G01127,9.502084,1.7164446,2.057322568709228e-21,3.566240090196902e-19,0.5404530744336574,0.19501324981931792,1,19442
HU10G00257,9.435592,1.5137599,3.887948226883125e-21,6.495918317626716e-19,0.5242718446601948,0.16405685377017368,1,16523
HU09G01164,9.431478,1.476653,4.043510640317865e-21,6.675402833881904e-19,0.55663430420712,0.19224283305227388,1,19479
HU05G01682,9.421247,1.7316701,4.45764161980465e-21,7.229981890367367e-19,0.4822006472491918,0.137195856420138,1,1681
HU11G01178,9.382465,1.510177,6.4447869019952694e-21,1.0041919366676337e-18,0.5307443365695799,0.17309082148879554,1,26666
HU09G00269,9.347902,1.6682703,8.940303820026884e-21,1.385247633790199e-18,0.49190938511326954,0.14707299445916458,1,18584
HU07G01863,9.337077,1.6905503,9.903038637504283e-21,1.5091251462152818e-18,0.5016181229773472,0.15779330281859585,1,4203
HU02G00314,9.314575,1.7079502,1.2244187050703865e-20,1.8556968735042167e-18,0.47572815533980667,0.13430498675017902,1,13102
HU03G01881,9.155908,1.4559062,5.3902799111183984e-20,7.666636581275323e-18,0.5436893203883499,0.19152011563478413,1,11650
HU01G00539,9.154847,1.5913618,5.443482966187588e-20,7.702806125878201e-18,0.5048543689320397,0.16502047699349334,1,7505
HU09G01651,9.121554,1.431834,7.405439094655694e-20,1.0269492664513784e-17,0.5339805825242724,0.18188388340158748,1,19966
HU06G02086,9.02276,1.4291325,1.8340858861345833e-19,2.422303431044889e-17,0.5339805825242724,0.18754516983859051,1,22522
HU10G00826,8.990761,1.488647,2.455241482525373e-19,3.182061799899122e-17,0.4822006472491918,0.1421344254396513,1,17092
HU06G00033,8.979388,1.5211843,2.7227750767304635e-19,3.512379848982298e-17,0.5048543689320397,0.16634545892555788,1,20469
HU03G00635,8.950977,1.3866502,3.523473566491876e-19,4.482731163607898e-17,0.5404530744336574,0.19368826788725338,1,10404
HU04G00314,8.94853,1.443043,3.6024549033997615e-19,4.541549397536017e-17,0.5242718446601948,0.18248614791616227,1,5036
HU10G01334,8.932531,1.4260747,4.1637145934211574e-19,5.178503329530754e-17,0.5145631067961173,0.17429535051794512,1,17600
HU08G00696,8.903794,1.4199917,5.396921068309964e-19,6.593991446236865e-17,0.5372168284789649,0.19669959046012733,1,23840
HU03G01232,8.886816,1.5396187,6.288485096597692e-19,7.583092789310303e-17,0.48867313915857696,0.15610696217778644,1,11001
HU02G02193,8.832513,1.4117385,1.0234955678493801e-18,1.1927163686681748e-16,0.5210355987055023,0.1792339195374584,1,14981
HU03G00935,8.831581,1.403276,1.032063703078607e-18,1.1976689039700906e-16,0.5307443365695799,0.18995422789688968,1,10704
HU06G02426,8.829099,1.3987706,1.0552232925635057e-18,1.2194424174687012e-16,0.5372168284789649,0.19212238014935892,1,22862
HU10G00477,8.8184595,1.4438472,1.1604488841470857e-18,1.3354792448887727e-16,0.5016181229773472,0.16815225246928225,1,16743
HU11G00930,8.813449,1.3603026,1.2135336009801803e-18,1.3907997695531116e-16,0.5404530744336574,0.19585642013972263,1,26418
HU09G00916,8.8039055,1.3843285,1.3213606168608726e-18,1.5081455435652798e-16,0.5339805825242724,0.194772344013488,1,19231
HU01G02063,8.800421,1.7756723,1.363039496887454e-18,1.5493401822202267e-16,0.4336569579288032,0.11659841002168017,1,9029
HU07G00400,8.76404,1.6803379,1.8837457398520955e-18,2.1066809715644302e-16,0.45307443365695865,0.13671404480847818,1,2740
HU03G02703,8.756011,1.3606772,2.022814479448117e-18,2.2351697046810166e-16,0.5275080906148873,0.18754516983859051,1,12472
HU03G00477,8.74839,1.5344454,2.1641773994471408e-18,2.381883340224859e-16,0.47572815533980667,0.1496025054203787,1,10246
HU06G01445,8.719223,1.519388,2.8011799082663123e-18,3.0466950884614185e-16,0.47572815533980667,0.15056612864369837,1,21881
HU09G01745,8.714783,1.4538895,2.9131622121029572e-18,3.1561153887763876e-16,0.4854368932038844,0.15586605637195652,1,20060
HU03G01935,8.689099,1.5830784,3.653228467841866e-18,3.8820801362296614e-16,0.4692556634304215,0.1496025054203787,1,11704
HU06G02520,8.661727,1.7769401,4.646708391778593e-18,4.844979595713507e-16,0.4110032362459552,0.09949409780775612,1,22956
HU08G00728,8.649538,1.549697,5.170843919143359e-18,5.351244630501533e-16,0.4563106796116512,0.13538906287641364,1,23872
HU08G01757,8.556885,1.3925842,1.1595839123890211e-17,1.1488414139174106e-15,0.5177993527508098,0.18850879306191018,1,24901
HU03G02745,8.556862,1.3810344,1.1598182653574004e-17,1.1488414139174106e-15,0.4983818770226547,0.1738135389062853,1,12514
HU08G00750,8.554507,1.4566411,1.1837302634731192e-17,1.1683544077376143e-15,0.48867313915857696,0.16730908214887755,1,23894
HU09G00547,8.529197,1.3928714,1.473668320911405e-17,1.4391616507210498e-15,0.49190938511326954,0.16839315827511217,1,18862
HU03G01966,8.488015,1.2471695,2.1019564606771607e-17,2.0242278623917033e-15,0.5372168284789649,0.19862683690676666,1,11735
HU10G00336,8.4794035,1.3467069,2.2635067810528628e-17,2.1573319784364658e-15,0.5242718446601948,0.19356781498433842,1,16602
HU07G01114,8.46563,1.4494079,2.5477172986995062e-17,2.403433308824177e-15,0.4724919093851141,0.15574560346904157,1,3454
HU01G02531,8.4088335,1.3571944,4.141093210982289e-17,3.79053532034963e-15,0.4983818770226547,0.1763430498674994,1,9497
HU09G00053,8.392496,1.4740704,4.759292491608633e-17,4.278593629160292e-15,0.4822006472491918,0.16779089376053738,1,18368
HU07G01970,8.392309,1.5689725,4.766848499767552e-17,4.278593629160292e-15,0.44336569579288093,0.13514815707058372,1,4310
HU05G00957,8.36644,1.2438236,5.938533048426711e-17,5.228736955495709e-15,0.5307443365695799,0.1982654781980218,1,956
HU01G02654,8.342388,1.5371691,7.280522871948427e-17,6.329946766567073e-15,0.44336569579288093,0.13478679836183885,1,9620
HU04G00035,8.317473,1.3086724,8.985803938775279e-17,7.668346838213304e-15,0.4983818770226547,0.17766803179956395,1,4757
HU04G01168,8.288108,1.5385658,1.1506397761542508e-16,9.641387973304576e-15,0.4466019417475735,0.1421344254396513,1,5890
HU11G00801,8.280045,1.5154951,1.2312954665622136e-16,1.0286138483464758e-14,0.44012944983818836,0.13538906287641364,1,26289
HU10G00075,8.275511,1.4779283,1.2790567023623168e-16,1.0653044336341998e-14,0.4854368932038844,0.1798361840520332,1,16341
HU06G01439,8.234878,1.7312064,1.7974196132369569e-16,1.4712596103657226e-14,0.4012944983818775,0.1058781016622489,1,21875
HU09G00466,8.234818,1.4776583,1.7982946021776816e-16,1.4712596103657226e-14,0.44336569579288093,0.13936400867260726,1,18781
HU07G01924,8.224891,1.2953069,1.9536919456169856e-16,1.589021880108126e-14,0.5113268608414248,0.18899060467357,1,4264
HU07G01942,8.221977,1.6486483,2.0017510180981167e-16,1.623349838799745e-14,0.4207119741100329,0.119971091303299,1,4282
HU07G00191,8.186203,1.3824517,2.695978315626483e-16,2.1363702452543e-14,0.47896440129449924,0.16670681763430276,1,2531
HU01G02140,8.155252,1.3364356,3.4845206238087874e-16,2.7300333192468e-14,0.4951456310679621,0.1806793543724379,1,9106
HU07G00598,8.107592,1.3704312,5.163303899679705e-16,3.955918056840237e-14,0.46601941747572895,0.1599614550710651,1,2938
HU06G01410,8.104585,1.3207977,5.292590374165363e-16,4.043801488360229e-14,0.4724919093851141,0.16321368344976897,1,21846
HU02G01078,8.043266,1.3776349,8.747461026698639e-16,6.5043118384849e-14,0.4595469255663438,0.15743194410985098,1,13866
HU07G02218,8.04054,1.2339422,8.944345094501354e-16,6.61460685138075e-14,0.4854368932038844,0.17309082148879554,1,4558
HU01G02149,8.034714,1.3607266,9.379784470012194e-16,6.900486002010297e-14,0.4627831715210364,0.15755239701276594,1,9115
HU09G01658,8.011605,1.5363364,1.1322050295701594e-15,8.263606972402203e-14,0.41747572815534034,0.1265960009636217,1,19973
HU03G02538,8.008669,1.2561944,1.159565417145234e-15,8.422980240399849e-14,0.48867313915857696,0.17646350277041437,1,12307
HU10G01493,8.008611,1.2375667,1.1601148194817891e-15,8.422980240399849e-14,0.4951456310679621,0.1815225246928426,1,17759
HU10G02016,8.004579,1.2447895,1.1987628472608111e-15,8.61339056185974e-14,0.5145631067961173,0.19922910142134145,1,18282
HU08G01542,8.000559,1.2748203,1.238561316732039e-15,8.853478896794615e-14,0.5080906148867322,0.19778366658636196,1,24686
HU04G01848,7.9920635,1.3328712,1.3269869927011572e-15,9.436919036555537e-14,0.4627831715210364,0.15960009636232023,1,6570
HU04G02215,7.9592485,1.5843805,1.730871800799452e-15,1.2031511126609724e-13,0.4012944983818775,0.11202119971091176,1,6937
HU09G00623,7.9569645,1.2896773,1.7631112860811811e-15,1.218363558202636e-13,0.4983818770226547,0.19139966273186917,1,18938
HU04G01941,7.943051,1.2792195,1.972679305899662e-15,1.3509200135586944e-13,0.47572815533980667,0.16767044085762242,1,6663
HU02G00731,7.9166803,1.2357689,2.4393619159423365e-15,1.6501390911868463e-13,0.5048543689320397,0.19127920982895422,1,13519
HU08G00085,7.90949,1.397364,2.5844494243700967e-15,1.7397986598277821e-13,0.46601941747572895,0.1680317995663673,1,23229
HU11G00711,7.906624,1.3688143,2.644636909411094e-15,1.7760049559931403e-13,0.4498381877022661,0.15213201638159282,1,26199
HU07G02209,7.8992004,1.298226,2.8069772075018856e-15,1.8714305973573268e-13,0.48867313915857696,0.18453384726571656,1,4549
HU06G00552,7.896311,1.2118249,2.8728003718273986e-15,1.9107222616938346e-13,0.5145631067961173,0.1993495543242564,1,20988
HU01G01621,7.893316,1.6310723,2.9426157721860634e-15,1.9457202385411504e-13,0.4012944983818775,0.11780293905082975,1,8587
HU06G00422,7.890717,1.414927,3.004546738433635e-15,1.973685147917344e-13,0.49190938511326954,0.19862683690676666,1,20858
HU01G01506,7.8894587,1.3036838,3.0349997545219324e-15,1.985276372444948e-13,0.4822006472491918,0.18031799566369303,1,8472
HU10G00356,7.86578,1.2932428,3.668052088522825e-15,2.3604042848069737e-13,0.47896440129449924,0.17887256082871353,1,16622
HU07G00433,7.8475547,1.3900948,4.242280229279005e-15,2.692440324005794e-13,0.44336569579288093,0.1502047699349535,1,2773
HU06G02329,7.82884,1.30311,4.923926220585017e-15,3.1037521301801237e-13,0.45307443365695865,0.15502288605155182,1,22765
HU04G00090,7.820345,1.4349556,5.26788670667879e-15,3.3055393169623586e-13,0.4368932038834958,0.1467116357504197,1,4812
HU09G01619,7.7937875,1.2403876,6.502985513218494e-15,3.9902721948919233e-13,0.49190938511326954,0.18634064080944093,1,19934
HU05G00151,7.7877398,1.3024424,6.8218576726709746e-15,4.17669365455915e-13,0.4724919093851141,0.17272946278005066,1,150
HU08G01755,7.7824025,1.2535104,7.11600125044205e-15,4.347187107511239e-13,0.47896440129449924,0.17827029631413874,1,24899
HU05G00700,7.7658205,1.2487701,8.111847792589329e-15,4.923021849616302e-13,0.47572815533980667,0.17562033245000966,1,699
HU01G00142,7.759854,1.3004217,8.502722165794214e-15,5.137755975344282e-13,0.4563106796116512,0.16261141893519418,1,7108
HU04G01559,7.7561483,1.2802461,8.754762292820091e-15,5.278550699812287e-13,0.46601941747572895,0.16899542278968696,1,6281
HU02G03071,7.7299757,1.3312906,1.0756713646529174e-14,6.388382290931192e-13,0.4368932038834958,0.1450252951096103,1,15859
HU01G02073,7.7161903,1.3977382,1.1985844199191894e-14,7.042953153910746e-13,0.4207119741100329,0.13370272223560423,1,9039
HU09G01995,7.7111793,1.2143945,1.2466030461884683e-14,7.278849576007826e-13,0.4983818770226547,0.19754276078053204,1,20310
HU09G01445,7.7073803,1.1972996,1.2842647178782042e-14,7.465306668603629e-13,0.4951456310679621,0.19067694531437943,1,19760
HU07G00627,7.7071476,1.15686,1.2866113530169585e-14,7.465306668603629e-13,0.5080906148867322,0.19959046013008633,1,2967
HU07G01974,7.7021365,1.3411034,1.3380968804539343e-14,7.731691037372889e-13,0.44012944983818836,0.1502047699349535,1,4314
HU03G00013,7.6574006,1.2470282,1.897338774365752e-14,1.0739324674904926e-12,0.4595469255663438,0.1651409298964083,1,9782
HU06G01728,7.6548486,1.4158672,1.9353991326997895e-14,1.0910222549883876e-12,0.4207119741100329,0.1384003854492876,1,22164
HU02G02225,7.6522737,1.1116819,1.9745682632706305e-14,1.1108448434444409e-12,0.4983818770226547,0.19139966273186917,1,15013
HU09G00934,7.6407485,1.2574285,2.1596238002327168e-14,1.2051743681982775e-12,0.45307443365695865,0.16020236087689502,1,19249
HU04G02062,7.6128745,1.2474273,2.6806583834429005e-14,1.481037057067507e-12,0.47572815533980667,0.1821247892074174,1,6784
HU08G01391,7.606011,1.1544731,2.8268527468543476e-14,1.5587030006760502e-12,0.49190938511326954,0.18923151047939993,1,24535
HU04G00051,7.59994,1.4144224,2.962686120374812e-14,1.6271306841306021e-12,0.42718446601941806,0.1475548060708244,1,4773
HU09G00634,7.574723,1.3304576,3.598956387122318e-14,1.9571971646438726e-12,0.41747572815534034,0.1346663454589239,1,18949
HU08G00667,7.5474663,1.1635382,4.43807408784753e-14,2.399414908897685e-12,0.4983818770226547,0.19898819561551154,1,23811
HU04G01480,7.5355334,1.145776,4.8634194978391906e-14,2.6039949763044393e-12,0.4983818770226547,0.19814502529510683,1,6202
HU04G01692,7.5324574,1.302694,4.9794248915812525e-14,2.6609701226976116e-12,0.4563106796116512,0.17068176343049637,1,6414
HU08G00896,7.529066,1.2635016,5.1104479177565755e-14,2.7257360192111273e-12,0.44336569579288093,0.15815466152734073,1,24040
HU03G01779,7.527971,1.2649882,5.153491416517535e-14,2.7434181273918204e-12,0.44336569579288093,0.15755239701276594,1,11548
HU10G00282,7.5174365,1.1187465,5.5860684101861044e-14,2.956671896116634e-12,0.49190938511326954,0.19176102144061405,1,16548
HU08G00294,7.500796,1.243909,6.343145250959116e-14,3.319379878025492e-12,0.4595469255663438,0.1738135389062853,1,23438
HU05G02211,7.4938855,1.4163252,6.68639322870908e-14,3.4924127344302508e-12,0.4110032362459552,0.13442543965309398,1,2210
HU03G00276,7.4769073,1.0710832,7.609203818190425e-14,3.9594984596155996e-12,0.5048543689320397,0.19898819561551154,1,10045
HU06G01724,7.4736443,1.1752789,7.800370937991247e-14,4.0437997750502295e-12,0.4595469255663438,0.168874969886772,1,22160
HU05G00141,7.461595,1.3104228,8.548112184786124e-14,4.414932801583671e-12,0.42718446601941806,0.14683208865333466,1,140
HU06G02407,7.4531236,1.1780597,9.115585726376693e-14,4.673212017025095e-12,0.4595469255663438,0.16923632859551688,1,22843
HU04G00504,7.441319,1.2506297,9.968487352151265e-14,5.101033149666334e-12,0.44012944983818836,0.15550469766321165,1,5226
HU10G01008,7.431391,1.1544728,1.0746180256291131e-13,5.468721273545587e-12,0.4724919093851141,0.1800770898578631,1,17274
HU06G01556,7.4189334,1.3499651,1.1806707468710964e-13,5.9538005753581565e-12,0.4110032362459552,0.13538906287641364,1,21992
HU06G01957,7.388659,1.254996,1.4831688809099098e-13,7.398505200006538e-12,0.4368932038834958,0.15502288605155182,1,22393
HU08G01011,7.3820868,1.287259,1.5582754240720081e-13,7.717637301185204e-12,0.4207119741100329,0.1438207660804607,1,24155
HU01G02150,7.3749437,1.3298609,1.6441475668625962e-13,8.128419388045296e-12,0.4239482200647255,0.14948205251746374,1,9116
HU04G01620,7.3689537,1.3645966,1.7197216314075734e-13,8.456822597001605e-12,0.4077669902912626,0.13526860997349868,1,6342
HU10G00598,7.3331556,1.272865,2.247953074081898e-13,1.0957289720502889e-11,0.4692556634304215,0.1887496988677401,1,16864
HU04G01933,7.3323517,1.0893819,2.261485553472798e-13,1.1003912600976853e-11,0.47572815533980667,0.1815225246928426,1,6655
HU10G00073,7.3248005,1.2661855,2.392541627440941e-13,1.1600898957530506e-11,0.4239482200647255,0.14610937123584491,1,16339
HU01G00449,7.3220506,1.1984606,2.4421019846279655e-13,1.1820540758055257e-11,0.45307443365695865,0.17152493375090108,1,7415
HU08G00608,7.3106537,1.1180693,2.6584553719603826e-13,1.2823001694142818e-11,0.4692556634304215,0.18079980727535286,1,23752
HU09G02090,7.2837586,1.1294814,3.2464541280082294e-13,1.542587433186654e-11,0.4822006472491918,0.19525415562514783,1,20405
HU02G00442,7.273586,1.147158,3.5006866092822267e-13,1.6484132955592963e-11,0.4692556634304215,0.18405203565405673,1,13230
HU08G01674,7.256887,1.1297841,3.961006574173773e-13,1.8494699887998247e-11,0.4822006472491918,0.19633823175138246,1,24818
HU08G00059,7.2477393,1.2157487,4.23785354782933e-13,1.97540954872347e-11,0.4466019417475735,0.1697181402071767,1,23203
HU01G01247,7.2465158,1.1942555,4.2762958677326153e-13,1.989984327039666e-11,0.45307443365695865,0.1734521801975404,1,8213
HU11G00047,7.2409806,1.1958703,4.4545233832847593e-13,2.0625410022604808e-11,0.4466019417475735,0.1703204047217515,1,25535
HU03G00934,7.2349677,1.1670307,4.656403448051496e-13,2.1524224938618038e-11,0.44012944983818836,0.16008190797398006,1,10703
HU02G00458,7.228908,1.098682,4.868930430821591e-13,2.246918227934057e-11,0.4854368932038844,0.19730185497470212,1,13246
HU02G03406,7.224561,1.0524392,5.027215102424691e-13,2.3161098150456613e-11,0.48867313915857696,0.1968200433630423,1,16194
HU07G01214,7.2176747,1.1142133,5.28841041731098e-13,2.4283785252337753e-11,0.4724919093851141,0.18609973500361102,1,3554
HU07G01605,7.2146564,1.2220681,5.407033292290359e-13,2.4787449315979026e-11,0.4239482200647255,0.14924114671163383,1,3945
HU01G00994,7.199391,1.4444038,6.048210404125391e-13,2.7364945441829972e-11,0.41423948220064777,0.1496025054203787,1,7960
HU09G00108,7.1931334,1.1641058,6.332107134958118e-13,2.841763614693582e-11,0.4498381877022661,0.17272946278005066,1,18423
HU10G01217,7.18726,1.1007867,6.610437415711651e-13,2.952342700881846e-11,0.47896440129449924,0.19501324981931792,1,17483
HU03G01847,7.1688485,1.2209175,7.563123789832053e-13,3.3455061931577674e-11,0.4336569579288032,0.16152734280895956,1,11616
HU05G01978,7.1636047,1.2221795,7.858286875432013e-13,3.4705348167214475e-11,0.4239482200647255,0.15056612864369837,1,1977
HU10G01720,7.1549463,1.2056779,8.370563206355529e-13,3.6675761536851596e-11,0.42718446601941806,0.15586605637195652,1,17986
HU01G01970,7.1506114,1.1952951,8.639219758394285e-13,3.7793179810578154e-11,0.41747572815534034,0.14394121898337567,1,8936
HU01G01082,7.135649,1.1598192,9.633154092162807e-13,4.194278316265863e-11,0.45307443365695865,0.1792339195374584,1,8048
HU10G01875,7.135311,1.1695071,9.656851892872131e-13,4.1980060697305413e-11,0.4563106796116512,0.18055890146952294,1,18141
HU04G00729,7.12191,1.157485,1.0644147356547883e-12,4.584090480339372e-11,0.4595469255663438,0.18140207178992765,1,5451
HU01G00476,7.094374,1.0541121,1.299382476685019e-12,5.5614773134041676e-11,0.4595469255663438,0.177547578896649,1,7442
HU03G02351,7.093209,1.0627608,1.3103756393168372e-12,5.592685263560116e-11,0.4724919093851141,0.19031558660563455,1,12120
HU03G01408,7.080472,1.2687438,1.436642754372554e-12,6.092551497327644e-11,0.4110032362459552,0.14635027704167483,1,11177
HU02G00856,7.0783744,1.1095836,1.4585515431755854e-12,6.176019396942727e-11,0.46601941747572895,0.1887496988677401,1,13644
HU02G00207,7.075275,1.1212997,1.4915292351740166e-12,6.296432775883006e-11,0.44336569579288093,0.16815225246928225,1,12995
HU09G00688,7.074832,1.2227218,1.496299659425304e-12,6.30697128482687e-11,0.42718446601941806,0.15863647313900056,1,19003
HU06G02089,7.048333,1.1090618,1.8107386461914448e-12,7.56337896869273e-11,0.4563106796116512,0.1800770898578631,1,22525
HU01G02075,7.0478554,1.1951312,1.8169650306264418e-12,7.577973702920958e-11,0.4207119741100329,0.15285473379908257,1,9041
HU02G00834,7.0422735,1.0637482,1.8912817993772047e-12,7.876081187046062e-11,0.46601941747572895,0.1850156588773764,1,13622
HU11G00544,7.0357943,1.1672306,1.9812892710770337e-12,8.226206277443342e-11,0.42718446601941806,0.15719103830402106,1,26032
HU02G02829,7.025586,1.1124421,2.1316912519873536e-12,8.837437499830979e-11,0.46601941747572895,0.19127920982895422,1,15617
HU02G03195,7.0246425,1.183578,2.1461510681562714e-12,8.884104459002118e-11,0.42718446601941806,0.1605637195856399,1,15983
HU06G02634,7.021193,1.0447401,2.1998146642578614e-12,9.092676559343037e-11,0.4563106796116512,0.17742712599373403,1,23070
HU05G00113,7.0127797,1.213361,2.336291768781088e-12,9.585362752536017e-11,0.4012944983818775,0.13683449771139314,1,112
HU11G00420,7.012407,1.1534743,2.3425290407404655e-12,9.596756712693768e-11,0.43042071197411064,0.16128643700312964,1,25908
HU07G02112,6.9784384,1.0673574,2.9847927765723458e-12,1.206752589770175e-10,0.4368932038834958,0.16321368344976897,1,4452
HU05G00195,6.9430366,1.1781628,3.837603531558613e-12,1.538091531037256e-10,0.4207119741100329,0.15610696217778644,1,194
HU06G01369,6.940228,1.1824964,3.9146741378248605e-12,1.5667169871944085e-10,0.41747572815534034,0.1547819802457219,1,21805
HU06G00341,6.931337,1.208473,4.168821135223359e-12,1.6660267173691623e-10,0.4012944983818775,0.14105034931341667,1,20777
HU08G00814,6.9181457,1.088708,4.5759378319572864e-12,1.820855606446705e-10,0.4563106796116512,0.18429294145988664,1,23958
HU01G02221,6.9166074,1.0883667,4.625876533561837e-12,1.8380900524117125e-10,0.4368932038834958,0.16706817634304763,1,9187
HU10G00812,6.9133797,1.0998641,4.732415321023337e-12,1.8750505561226035e-10,0.44336569579288093,0.17393399180920024,1,17078
HU08G00325,6.9013653,1.0699593,5.150509735257223e-12,2.03489155993389e-10,0.46601941747572895,0.19260419176101876,1,23469
HU05G01841,6.8980327,1.1551129,5.27276724701304e-12,2.074329072282364e-10,0.4012944983818775,0.14032763189592692,1,1840
HU08G01894,6.8958535,1.0505285,5.354238102517555e-12,2.1004214112209958e-10,0.4692556634304215,0.1930860033726786,1,25038
HU01G01962,6.894665,1.19069,5.399195492110902e-12,2.112083032069053e-10,0.4239482200647255,0.16068417248855485,1,8928
HU03G02794,6.8897357,1.0585641,5.589618161218859e-12,2.1773603890646775e-10,0.44012944983818836,0.1711635750421562,1,12563
HU10G01891,6.855965,1.1407552,7.0832630230123476e-12,2.7247475720283975e-10,0.4207119741100329,0.1579137557215108,1,18157
HU01G00705,6.855476,1.0879544,7.107557700044358e-12,2.730306271616763e-10,0.43042071197411064,0.1645386653818335,1,7671
HU07G01777,6.854835,1.0623108,7.139495672558501e-12,2.7387816387055325e-10,0.4239482200647255,0.1568296795952762,1,4117
HU05G00218,6.8388934,1.1519734,7.98071720460113e-12,3.0363625322316327e-10,0.4207119741100329,0.15887737894483048,1,217
HU07G00564,6.838719,1.0481347,7.990459282140754e-12,3.0363625322316327e-10,0.4368932038834958,0.1694772344013468,1,2904
HU09G00124,6.832974,1.1166868,8.317215292930099e-12,3.1427515824171157e-10,0.4336569579288032,0.17044085762466646,1,18439
HU02G00379,6.8205633,1.1927751,9.068419046226577e-12,3.403418163018865e-10,0.4110032362459552,0.15201156347867786,1,13167
HU03G00158,6.7993317,1.0216854,1.0510566804563607e-11,3.907648395771738e-10,0.4498381877022661,0.17971573114911824,1,9927
HU05G01995,6.7956257,1.2001538,1.0784328338421468e-11,3.9987078404561423e-10,0.40453074433657005,0.14924114671163383,1,1994
HU04G00293,6.7834253,1.1037313,1.1735956144920473e-11,4.3226659187167244e-10,0.41747572815534034,0.15610696217778644,1,5015
HU06G02256,6.7568913,1.1916915,1.4098386629995715e-11,5.165373225666198e-10,0.40453074433657005,0.14936159961454878,1,22692
HU10G00018,6.7560525,1.0408467,1.4180225356361385e-11,5.188503301565739e-10,0.4336569579288032,0.16839315827511217,1,16284
HU04G01972,6.7468114,1.010644,1.5112944737451617e-11,5.515230556489745e-10,0.4595469255663438,0.19055649241146447,1,6694
HU02G02350,6.706434,1.0705605,1.9943827165840695e-11,7.174345608879269e-10,0.42718446601941806,0.16477957118766343,1,15138
HU11G00835,6.699873,1.1051636,2.086005397762427e-11,7.465207704121407e-10,0.41747572815534034,0.16068417248855485,1,26323
HU02G00917,6.682242,1.0098156,2.353137684011038e-11,8.34581504680897e-10,0.4595469255663438,0.1924837388581038,1,13705
HU03G00878,6.6645412,1.0329379,2.6549336280861402e-11,9.356363935828347e-10,0.44012944983818836,0.17875210792579857,1,10647
HU08G02118,6.656664,1.064024,2.801129297141154e-11,9.82165879345258e-10,0.44336569579288093,0.18260660081907723,1,25262
HU07G01106,6.6279044,1.1426954,3.4048636603208675e-11,1.1804236702374907e-09,0.4110032362459552,0.1593591905564903,1,3446
HU07G00325,6.6116834,1.0781062,3.799745157070822e-11,1.3075177658977574e-09,0.4239482200647255,0.17068176343049637,1,2665
HU06G00538,6.6013584,1.0845548,4.074066652116686e-11,1.3967149393875932e-09,0.4077669902912626,0.15466152734280694,1,20974
HU09G00325,6.572657,1.0927191,4.942513734739235e-11,1.6758021813324289e-09,0.41423948220064777,0.16068417248855485,1,18640
HU04G00697,6.571795,1.0004996,4.971229378386999e-11,1.6834804250251945e-09,0.4627831715210364,0.19886774271259658,1,5419
HU11G00739,6.562263,1.0267409,5.299730878038697e-11,1.7925370232000397e-09,0.4207119741100329,0.16477957118766343,1,26227
HU02G02229,6.5579863,1.0778221,5.4539278882311124e-11,1.837967071447022e-09,0.41747572815534034,0.16490002409057838,1,15017
HU01G00839,6.5508194,1.0347284,5.722217614449229e-11,1.921376580348055e-09,0.4466019417475735,0.18947241628522984,1,7805
HU11G00816,6.5483375,1.1107738,5.818113913290894e-11,1.9512138982481613e-09,0.41747572815534034,0.165984100216813,1,26304
HU10G00463,6.515453,1.0362341,7.247077803184903e-11,2.392829796087301e-09,0.4077669902912626,0.15598650927487148,1,16729
HU07G02069,6.4774637,1.0160437,9.327710764333802e-11,3.0435771535152706e-09,0.41747572815534034,0.16297277764393905,1,4409
HU06G00889,6.40433,1.0053264,1.5103154339155392e-10,4.7385292488289e-09,0.4207119741100329,0.1697181402071767,1,21325
HU03G02955,6.392502,1.0040416,1.6319332709792533e-10,5.074178169350852e-09,0.4207119741100329,0.16959768730426175,1,12724
HU10G00506,6.3790774,1.0560584,1.7815785016968012e-10,5.51474104291973e-09,0.41423948220064777,0.16839315827511217,1,16772
HU05G00499,6.33031,1.0497708,2.4466963804561876e-10,7.406832360637763e-09,0.4110032362459552,0.16550228860515317,1,498
HU10G01458,6.3301697,1.0010947,2.4489148277284403e-10,7.406832360637763e-09,0.43042071197411064,0.17971573114911824,1,17724
HU08G00285,6.3082504,1.0217625,2.822071335825865e-10,8.470795292113674e-09,0.40453074433657005,0.15984100216815014,1,23429
HU07G00036,6.2864013,1.0032802,3.2490973393576625e-10,9.658490322302762e-09,0.4077669902912626,0.1628523247410241,1,2376
HU04G00978,6.2708325,1.0128742,3.5912224721575254e-10,1.0607300880222467e-08,0.4207119741100329,0.17537942664417974,1,5700
HU05G00137,6.162716,1.0159152,7.150763025201828e-10,1.9872386022442153e-08,0.4110032362459552,0.1709226692363263,1,136
HU02G00398,19.327892,4.935137,3.129416480369136e-83,4.821909226835444e-80,0.4441656210790489,0.03916048118761207,11,13186
HU02G03064,12.465967,2.0482943,1.1447421565521828e-35,5.474038571030137e-33,0.41279799247177135,0.17980547734834604,11,15852
HU08G02292,6.1159177,1.508755,9.600279489220364e-10,5.916972258522818e-07,0.4176706827309232,0.1940923224109101,12,25436
HU05G01989,6.006478,1.6020864,1.895967477231395e-09,1.0731562853267905e-06,0.4056224899598389,0.1846448218129667,12,1988
HU03G02824,20.955107,6.9631267,1.68547638131077e-97,1.1686671858913553e-93,0.8872549019607823,0.03175924824550957,13,12593
HU06G00205,19.198233,4.751641,3.829039557500136e-82,1.0619841212726627e-78,0.8774509803921549,0.14214345188533087,13,20641
HU08G01120,19.151316,5.3172054,9.437356732153782e-82,2.3795008087844103e-78,0.8529411764705863,0.10003568454858937,13,24264
HU02G00171,18.996952,4.68583,1.8073903448264494e-80,3.855997785673967e-77,0.8872549019607823,0.1539193529201823,13,12959
HU01G02137,18.6764,5.3493767,7.704520425777095e-78,1.526320528635198e-74,0.8088235294117629,0.03782562150588793,13,9103
HU04G01716,18.186018,4.540607,6.660600212593351e-74,8.39689758619439e-71,0.8333333333333315,0.1234685381229907,13,6438
HU01G02529,18.118578,4.1840377,2.27392880428608e-73,2.6278089744531014e-70,0.8627450980392137,0.18294278577375553,13,9495
HU04G00823,18.066431,4.848381,5.858286259600272e-73,6.499182776400541e-70,0.8137254901960767,0.10396098489353985,13,5545
HU03G01381,17.998064,4.7279367,2.0174620660634613e-72,2.0922045908816993e-69,0.8137254901960767,0.1013441179969062,13,11150
HU02G01258,17.97522,4.5384903,3.0465875067632797e-72,3.0177537321456987e-69,0.8186274509803904,0.1194242892827387,13,14046
HU05G00459,17.826984,4.311768,4.363264569082345e-71,4.1729359594309945e-68,0.8284313725490178,0.0981325086237649,13,458
HU09G00169,17.763292,4.265993,1.3601518795879705e-70,1.2574604126790786e-67,0.8382352941176452,0.15439514690138842,13,18484
HU02G03072,17.680931,4.5732846,5.881661449677694e-70,4.7978788325532605e-67,0.8088235294117629,0.10955156417271174,13,15860
HU10G00525,17.334568,5.914763,2.5800201637084588e-67,1.7037347438203356e-64,0.740196078431371,0.035684548590460274,13,16791
HU03G00803,17.322695,4.8705883,3.171486962393025e-67,2.0456090907435014e-64,0.774509803921567,0.06565956940644731,13,10572
HU03G01818,17.272259,4.351241,7.61057541957104e-67,4.7092239951158376e-64,0.8039215686274492,0.11371476150826527,13,11587
HU01G02489,17.244667,5.044087,1.2271962107636624e-66,7.399192805550039e-64,0.7549019607843122,0.043297252289758614,13,9455
HU11G01580,17.019243,3.590695,5.912944149690707e-65,3.2799101198334353e-62,0.8578431372549,0.15701201379802207,13,27068
HU08G00014,16.953798,4.2765503,1.8041040742525105e-64,9.811142450861447e-62,0.7892156862745081,0.11430950398477292,13,23158
HU05G01614,16.92394,4.378744,2.9968783894070522e-64,1.5682721156642377e-61,0.7794117647058807,0.09801356012846336,13,1613
HU01G02711,16.90758,4.1804857,3.956238736039774e-64,2.031968173038206e-61,0.8186274509803904,0.19900083263946203,13,9677
HU01G00713,16.906355,4.7958765,4.0393670878117545e-64,2.0369426578265273e-61,0.7598039215686259,0.07172594266682532,13,7679
HU08G00358,16.798723,4.580012,2.493509165421062e-63,1.2349549411241634e-60,0.774509803921567,0.11240632805994845,13,23502
HU07G00998,16.77384,4.3643327,3.7919108846817825e-63,1.84506400678332e-60,0.7696078431372533,0.09622933269894042,13,3338
HU06G00580,16.734818,4.5587454,7.30797080071059e-63,3.494596037201866e-60,0.7549019607843122,0.06292375401451213,13,21016
HU04G00442,16.577349,4.288493,1.0161338567216695e-61,4.620077461668115e-59,0.7549019607843122,0.07113120019031767,13,5164
HU06G02172,16.55389,3.8509247,1.5008295280502889e-61,6.713791445237865e-59,0.8088235294117629,0.18460806470797694,13,22608
HU02G02145,16.520113,3.698885,2.6290340298936796e-61,1.157400933636527e-58,0.8088235294117629,0.15165933150945324,13,14933
HU06G00471,16.447115,4.348077,8.795923585269202e-61,3.753152932883712e-58,0.7499999999999984,0.07481860354466509,13,20907
HU04G01751,16.437752,4.011241,1.0265743752743672e-60,4.313945499732511e-58,0.8039215686274492,0.1711668847389041,13,6473
HU04G00430,16.408264,4.8441734,1.669089553006333e-60,6.807676287151565e-58,0.7303921568627436,0.07148804567622226,13,5152
HU07G01943,16.374388,4.12413,2.9142583924670155e-60,1.1714051668851111e-57,0.7794117647058807,0.1378613060544758,13,4283
HU03G00072,16.359623,4.1607547,3.714222356379913e-60,1.4716279579170984e-57,0.7647058823529396,0.09361246580230677,13,9841
HU05G01921,16.306122,4.490247,8.928574244824102e-60,3.4878029109886824e-57,0.7450980392156847,0.08469132865469205,13,1920
HU08G00289,16.265503,3.7862403,1.7343684411992785e-59,6.589412152967396e-57,0.7990196078431355,0.15439514690138842,13,23433
HU05G00126,16.219484,5.3652306,3.6726941802009094e-59,1.3765158525388138e-56,0.6960784313725477,0.028190793386463558,13,125
HU02G01189,16.209978,4.544931,4.287247759355553e-59,1.564563376391135e-56,0.7254901960784299,0.057452123230641465,13,13977
HU09G01872,16.12679,3.91219,1.6539859913572067e-58,5.806747021555965e-56,0.7598039215686259,0.0913524443915777,13,20187
HU03G00751,16.09689,3.6674922,2.6825879864386334e-58,9.300197225484437e-56,0.7892156862745081,0.13833710003568192,13,10520
HU07G00927,16.051554,3.8000376,5.57510356816921e-58,1.9089567588046057e-55,0.7892156862745081,0.1711668847389041,13,3267
HU10G01146,15.999491,3.2760613,1.2882361461176835e-57,4.304726447298067e-55,0.8186274509803904,0.1390507910074911,13,17412
HU04G02189,15.933904,4.9380784,3.68607561494633e-57,1.217063180720672e-54,0.7009803921568614,0.049839419531343125,13,6911
HU09G01953,15.914963,4.4875937,4.989640540959386e-57,1.628090357688336e-54,0.7058823529411751,0.04234566432734632,13,20268
HU05G00225,15.842421,4.6048694,1.5859557240541884e-56,5.055917472027921e-54,0.7107843137254888,0.06137742357559217,13,224
HU02G00485,15.838473,4.19096,1.6887169776273462e-56,5.322336974374368e-54,0.7205882352941162,0.06304270250981366,13,13273
HU08G01266,15.828596,4.3238883,1.9757913505698355e-56,6.157143045848807e-54,0.7450980392156847,0.15415724991078536,13,24410
HU06G02306,15.826858,4.1266294,2.0311419736843925e-56,6.259302515570736e-54,0.7549019607843122,0.1358391816343498,13,22742
HU03G00713,15.796658,4.4046736,3.280529938763343e-56,9.749570385843537e-54,0.7107843137254888,0.05424051385749998,13,10482
HU08G00586,15.750112,3.8299215,6.856054878958933e-56,1.9807571048742294e-53,0.7598039215686259,0.12108956821696011,13,23730
HU03G01776,15.71146,4.3725157,1.2623789644645586e-55,3.5726612836147484e-53,0.7156862745098025,0.06316165100511519,13,11545
HU03G01214,15.663645,6.094525,2.680824492680371e-55,7.435266730449009e-53,0.6617647058823517,0.021172832163673105,13,10983
HU01G00516,15.655792,3.800906,3.0331282362701777e-55,8.3290902606884535e-53,0.7549019607843122,0.13595813012965133,13,7482
HU04G00967,15.6137495,3.7653863,5.868486086820467e-55,1.5802180739608316e-52,0.7696078431372533,0.17592482455096528,13,5689
HU08G00372,15.607478,3.8434036,6.474599929931874e-55,1.726663740929428e-52,0.7598039215686259,0.16224574759128937,13,23516
HU02G00264,15.588494,3.6000478,8.716337045513354e-55,2.280637810918046e-52,0.7499999999999984,0.09075770191507006,13,13052
HU04G00226,15.504978,4.1214023,3.2102424066068676e-54,8.321128331517894e-52,0.7058823529411751,0.057808968716546075,13,4948
HU06G02688,15.503639,3.1669657,3.277899939474405e-54,8.417829150122465e-52,0.8333333333333315,0.19840609016295438,13,23124
HU08G02036,15.455496,4.084297,6.92764259029372e-54,1.7467106112890574e-51,0.7156862745098025,0.08302604972047063,13,25180
HU02G02543,15.44388,4.677543,8.295540363547782e-54,2.054257249848194e-51,0.6813725490196065,0.03960984893541098,13,15331
HU10G00616,15.413695,4.165876,1.3241882366439368e-53,3.250120419762796e-51,0.7156862745098025,0.08909242298084864,13,16882
HU01G01850,15.393557,3.7990015,1.808130729346409e-53,4.3989917349493555e-51,0.7499999999999984,0.12715594147733814,13,8816
HU08G00278,15.379419,5.0209746,2.2495660509855888e-53,5.425366471659591e-51,0.6764705882352928,0.04960152254074005,13,23422
HU07G02148,15.353096,4.867434,3.376792804136917e-53,8.022338804045192e-51,0.6764705882352928,0.049839419531343125,13,4488
HU02G01787,15.246221,4.2168937,1.744416642599441e-52,3.998462444834339e-50,0.7107843137254888,0.10205780896871537,13,14575
HU08G02156,15.197436,3.54375,3.677319069785536e-52,8.359872491844413e-50,0.7598039215686259,0.16307838705840008,13,25300
HU11G01055,15.189455,3.7668648,4.1535556358253e-52,9.365761427610953e-50,0.7303921568627436,0.10633995479957044,13,26543
HU10G00594,15.173978,5.12851,5.2590567656343716e-52,1.176289833829591e-49,0.6519607843137243,0.02593077197573443,13,16860
HU02G01706,15.13708,4.1603937,9.221863675783053e-52,2.0299078495860556e-49,0.7205882352941162,0.15808255025573584,13,14494
HU10G00209,15.117911,3.8450313,1.23395510931846e-51,2.6947830674761803e-49,0.7303921568627436,0.13131913881289167,13,16475
HU05G00315,15.114733,3.6642544,1.2949541857107497e-51,2.8059026828662223e-49,0.740196078431371,0.13203282978470085,13,314
HU04G00257,15.114205,4.2310424,1.3053615823844671e-51,2.8065274021266043e-49,0.6960784313725477,0.0785060068990125,13,4979
HU08G01810,15.059236,3.8528008,3.0023744397806875e-51,6.356553823459342e-49,0.7107843137254888,0.08017128583323392,13,24954
HU06G00852,15.050328,4.074721,3.4352497147357406e-51,7.21792809380271e-49,0.7303921568627436,0.15724991078862513,13,21288
HU10G00886,14.997197,3.79068,7.658565310284912e-51,1.597069991584602e-48,0.7254901960784299,0.10883787320090256,13,17152
HU11G00445,14.981749,4.199908,9.664116937949444e-51,2.0002558453285658e-48,0.7107843137254888,0.13405495420482685,13,25933
HU08G00951,14.879477,4.5577326,4.479911685289843e-50,9.136055190552485e-48,0.6617647058823517,0.051623646960866174,13,24095
HU11G01223,14.876769,3.6709414,4.664924444862666e-50,9.443918210092411e-48,0.7450980392156847,0.1877007255858167,13,26711
HU06G00450,14.873605,4.344941,4.890753635518641e-50,9.829351600080397e-48,0.6764705882352928,0.07113120019031767,13,20886
HU10G00592,14.810397,3.1254747,1.2549599831900892e-49,2.5040514484731746e-47,0.7794117647058807,0.18211014630664482,13,16858
HU11G01360,14.768968,4.1966624,2.322445817946689e-49,4.53612920850362e-47,0.6813725490196065,0.08052813131913851,13,26848
HU08G01871,14.759191,3.7174373,2.6848441997620596e-49,5.207283488139911e-47,0.6960784313725477,0.07898180088021862,13,25015
HU04G01864,14.755998,3.8628037,2.8149644418151702e-49,5.421738805121094e-47,0.691176470588234,0.07731652194599721,13,6586
HU08G00009,14.75547,3.9486349,2.8370535978973124e-49,5.426598726736687e-47,0.6764705882352928,0.06137742357559217,13,23153
HU11G00571,14.747062,5.8282757,3.2135261711241536e-49,6.104599202474548e-47,0.622549019607842,0.016533840846913315,13,26059
HU03G02862,14.728135,4.060446,4.252781175041882e-49,7.916166838240711e-47,0.6715686274509791,0.058879505174259904,13,12631
HU10G00606,14.707642,3.6322873,5.757970423914362e-49,1.0575980775315552e-46,0.7450980392156847,0.1679552753657628,13,16872
HU10G00571,14.632933,4.715737,1.7315922741689895e-48,3.0984330144565757e-46,0.6519607843137243,0.057808968716546075,13,16837
HU04G00786,14.628514,3.8777483,1.847771773297414e-48,3.264200645376037e-46,0.6715686274509791,0.06304270250981366,13,5508
HU11G00122,14.62632,3.6227434,1.9083391467202743e-48,3.3378663126020756e-46,0.7352941176470573,0.176757464018076,13,25610
HU05G01449,14.626135,4.5693383,1.913541531291617e-48,3.3378663126020756e-46,0.656862745098038,0.060901629594386025,13,1448
HU05G00531,14.613279,4.1686907,2.3111992824415115e-48,3.981435534069275e-46,0.656862745098038,0.050553110503152345,13,530
HU08G01620,14.6104145,3.757649,2.4104619269056853e-48,4.126800095230196e-46,0.7058823529411751,0.12108956821696011,13,24764
HU03G01765,14.5872555,4.9435024,3.3854599352030174e-48,5.7604743130586305e-46,0.6372549019607832,0.04282145830855247,13,11534
HU03G01959,14.58593,3.6129317,3.451860196889047e-48,5.837642839068153e-46,0.691176470588234,0.08397763768288287,13,11728
HU04G02026,14.566932,4.4680023,4.559097245380862e-48,7.663428006099284e-46,0.6421568627450969,0.0403235399072202,13,6748
HU11G01396,14.553678,3.8573747,5.534564155636437e-48,9.247056437143169e-46,0.7156862745098025,0.1515403830141517,13,26884
HU11G01252,14.527112,3.3934023,8.158796224096909e-48,1.354995289073819e-45,0.7254901960784299,0.14047817295110945,13,26740
HU10G00195,14.497426,3.7114506,1.2577946638622828e-47,2.0764842263226436e-45,0.691176470588234,0.0949208992506236,13,16461
HU08G02202,14.494348,3.4796627,1.3154707979302402e-47,2.158851040271906e-45,0.7352941176470573,0.1728321636731255,13,25346
HU06G00916,14.483914,3.568607,1.5312192261731872e-47,2.4981391316419616e-45,0.7156862745098025,0.1258475080290213,13,21352
HU08G02137,14.389752,4.032475,6.001034171091792e-47,9.676667600885516e-45,0.656862745098038,0.058165814202450684,13,25281
HU03G00789,14.365681,3.017263,8.496743994151229e-47,1.3543516935504847e-44,0.7794117647058807,0.1960271202569238,13,10558
HU05G01716,14.350774,4.7103343,1.0535564822517749e-46,1.66973651630017e-44,0.622549019607842,0.02747710241465436,13,1715
HU11G00570,14.307946,3.36438,1.951923236160891e-46,3.0759426678933127e-44,0.7254901960784299,0.14000237896990333,13,26058
HU08G01498,14.299595,4.0776076,2.200870785147e-46,3.4486526116413587e-44,0.656862745098038,0.0720827881527299,13,24642
HU01G00611,14.2809105,4.1634984,2.8781586938525373e-46,4.484591650224726e-44,0.6470588235294106,0.054002616866896905,13,7577
HU06G02555,14.258322,3.864155,3.979112750324469e-46,6.165401794985986e-44,0.6960784313725477,0.12989175686927332,13,22991
HU11G01213,14.219927,3.5122504,6.892510339332994e-46,1.0561534489580143e-43,0.691176470588234,0.10158201498750925,13,26701
HU05G00344,14.213271,3.9784288,7.580048366514682e-46,1.1551244035455205e-43,0.656862745098038,0.06791959081717637,13,343
HU02G00260,14.20482,3.0748131,8.552252342642163e-46,1.296156932913554e-43,0.7549019607843122,0.1916260259307672,13,13048
HU06G00886,14.203381,4.2434154,8.729787494639988e-46,1.3158731313252177e-43,0.6421568627450969,0.05352682288569076,13,21322
HU08G01942,14.197879,4.6188984,9.44273528422256e-46,1.4156446654481766e-43,0.622549019607842,0.03437611514214337,13,25086
HU06G00325,14.131393,3.8699527,2.4328092830024137e-45,3.627632551831825e-43,0.6617647058823517,0.07660283097418803,13,20761
HU11G01431,14.105626,3.49359,3.506617457396486e-45,5.1731933606857195e-43,0.7058823529411751,0.1386939455215865,13,26919
HU11G01384,14.0926,4.2089853,4.217426925186394e-45,6.188906654499717e-43,0.6372549019607832,0.054716307838706124,13,26872
HU07G00966,14.065792,3.7671497,6.162874842921957e-45,8.996175461496867e-43,0.6813725490196065,0.11692637088140657,13,3306
HU07G01413,14.018732,3.7745492,1.1973400522531992e-44,1.729595122356379e-42,0.6617647058823517,0.08362079219697828,13,3753
HU01G00501,14.012077,3.8463862,1.3150229786001805e-44,1.8897493425635234e-42,0.656862745098038,0.07981444034732933,13,7467
HU10G01968,14.0053215,4.3279276,1.4462384346858395e-44,2.067599122990297e-42,0.6323529411764695,0.05566789580111842,13,18234
HU05G01228,13.935843,4.713381,3.836414943392409e-44,5.428722880356554e-42,0.6127450980392146,0.040204591411918664,13,1227
HU08G02096,13.933164,4.0550685,3.983115120412095e-44,5.579378680031791e-42,0.6421568627450969,0.0660164148923519,13,25240
HU05G01476,13.916945,3.6297052,4.998126232158659e-44,6.93115155244602e-42,0.6813725490196065,0.12715594147733814,13,1475
HU09G01453,13.914779,2.9752233,5.151886636662018e-44,7.108834620289606e-42,0.7499999999999984,0.16890686332817503,13,19768
HU04G02173,13.825947,3.7311332,1.7775775670394316e-43,2.440649199100923e-41,0.6323529411764695,0.052932080409183076,13,6895
HU03G00459,13.820332,3.5685942,1.9218225942801337e-43,2.625701953318202e-41,0.656862745098038,0.07791126442250486,13,10228
HU04G01712,13.8083315,4.094721,2.270289261709297e-43,3.086591797720949e-41,0.6470588235294106,0.09361246580230677,13,6434
HU01G00703,13.782892,4.0392046,3.2306650609267955e-43,4.370853437307545e-41,0.6274509803921557,0.05424051385749998,13,7669
HU05G01615,13.767642,4.066829,3.9902352043210206e-43,5.372289970477839e-41,0.622549019607842,0.04769834661591547,13,1614
HU05G00548,13.76522,4.5293846,4.1262871473346846e-43,5.528626764798429e-41,0.6029411764705872,0.03140240275960496,13,547
HU04G00112,13.755927,3.7763186,4.692253427392981e-43,6.256713885035784e-41,0.6519607843137243,0.08825978351373794,13,4834
HU09G01357,13.726497,4.4434786,7.045851951909408e-43,9.350081525655857e-41,0.6029411764705872,0.03616034257166642,13,19672
HU06G01503,13.717917,4.9070606,7.931082647371595e-43,1.0474694153564342e-40,0.6029411764705872,0.04793624360651854,13,21939
HU10G02023,13.697394,4.1480055,1.05232801852159e-42,1.3702496522862112e-40,0.6127450980392146,0.04198881884144171,13,18289
HU06G00363,13.693732,3.2256331,1.1067555688905921e-42,1.4277146838688638e-40,0.6862745098039202,0.11276317354585304,13,20799
HU11G00780,13.676701,4.1151123,1.3989720163433077e-42,1.7963189293185944e-40,0.6127450980392146,0.04317830379445708,13,26268
HU07G02147,13.636325,4.895672,2.4352611209172074e-42,3.0982553756256304e-40,0.5980392156862735,0.03865826097299869,13,4487
HU03G02448,13.607166,3.5645878,3.63051366367294e-42,4.556212509591357e-40,0.6617647058823517,0.10229570595931843,13,12217
HU09G00259,13.597788,3.871813,4.127273433813962e-42,5.156303094001362e-40,0.622549019607842,0.052575234923278466,13,18574
HU02G02945,13.594182,3.2770038,4.335785976930884e-42,5.392512290142515e-40,0.6813725490196065,0.12037587724515093,13,15733
HU08G01835,13.586202,3.6994774,4.8353244363592264e-42,5.986951930465319e-40,0.6519607843137243,0.10967051266801327,13,24979
HU11G01190,13.573488,5.879902,5.751789401774393e-42,7.058667214965168e-40,0.573529411764705,0.017604377304627113,13,26678
HU11G01171,13.52174,3.16998,1.1638998155805063e-41,1.4220599729130105e-39,0.6813725490196065,0.11014630664921939,13,26659
HU05G01129,13.518391,4.7314725,1.218112755038455e-41,1.4817700553066466e-39,0.5882352941176461,0.029142381348875823,13,1128
HU10G00524,13.495474,3.151853,1.6628293902130173e-41,2.0139114907230585e-39,0.6960784313725477,0.142619245866537,13,16790
HU02G00151,13.485383,3.7359,1.9067185375380817e-41,2.2992538538529866e-39,0.622549019607842,0.06078268109908449,13,12939
HU11G00828,13.44277,4.0640755,3.394858727102159e-41,4.076034926241488e-39,0.6372549019607832,0.1118115855834408,13,26316
HU09G00170,13.431026,4.366025,3.978575694617907e-41,4.75628434871671e-39,0.6176470588235283,0.07553229451647427,13,18485
HU08G02294,13.429173,4.4442816,4.079371560613436e-41,4.8558527997259066e-39,0.5882352941176461,0.03092660877839882,13,25438
HU08G01026,13.414039,3.2879791,5.003819550097023e-41,5.880548102624616e-39,0.6813725490196065,0.1234685381229907,13,24170
HU04G00611,13.412015,2.980354,5.14227543065645e-41,6.017764095749226e-39,0.7107843137254888,0.15130248602354865,13,5333
HU07G02077,13.383952,3.2718277,7.504792083813507e-41,8.709012905630446e-39,0.691176470588234,0.1451171642678691,13,4417
HU07G00454,13.371425,3.720973,8.882260096757958e-41,1.022197028147643e-38,0.6274509803921557,0.08029023432853545,13,2794
HU02G03304,13.367535,4.020121,9.359215495716392e-41,1.0726357098086535e-38,0.5980392156862735,0.03889615796360176,13,16092
HU07G01882,13.351914,3.8201709,1.1544371787730656e-40,1.3122260308717613e-38,0.622549019607842,0.06399429047222589,13,4222
HU11G01145,13.324038,3.1616564,1.6778266220115626e-40,1.8993682188363546e-38,0.6764705882352928,0.12560961103841825,13,26633
HU02G02558,13.276237,3.66495,3.179780847139722e-40,3.5704948095311815e-38,0.6176470588235283,0.0628048055192106,13,15346
HU01G00829,13.268826,3.8197103,3.510389873266795e-40,3.9100667925724724e-38,0.6029411764705872,0.04686570714880471,13,7795
HU06G02188,13.254759,4.277048,4.234752267229932e-40,4.67931689767419e-38,0.5931372549019598,0.04270250981325093,13,22624
HU07G00385,13.247747,3.810823,4.64952514334222e-40,5.117245232166528e-38,0.6176470588235283,0.07351017009634826,13,2725
HU10G01829,13.243999,5.3306184,4.8875629219881245e-40,5.357966705191329e-38,0.5637254901960775,0.018555965267039377,13,18095
HU08G02254,13.210151,4.06991,7.667097412519175e-40,8.371927036859028e-38,0.6078431372549009,0.0660164148923519,13,25398
HU05G01875,13.190227,3.3413255,9.988489806020848e-40,1.0856349396550302e-37,0.6470588235294106,0.10086832401570008,13,1874
HU08G01659,13.189984,3.489772,1.0020643394688577e-39,1.0856349396550302e-37,0.6519607843137243,0.10836207921969644,13,24803
HU08G00082,13.162806,3.239739,1.4365076776173345e-39,1.5442457534386346e-37,0.6813725490196065,0.15296776495777006,13,23226
HU01G01222,13.123841,3.804138,2.4043318382415477e-39,2.5647747512934357e-37,0.6078431372549009,0.06637326037825649,13,8188
HU09G00685,13.118083,3.2428608,2.5941357116225123e-39,2.756641914247141e-37,0.6617647058823517,0.12299274414178459,13,19000
HU03G00138,13.108806,3.064173,2.9318081590326795e-39,3.1035763088080677e-37,0.6617647058823517,0.11145474009753621,13,9907
HU05G01923,13.097845,2.9065368,3.387374131973226e-39,3.558667482965054e-37,0.7058823529411751,0.16736053288925515,13,1922
HU07G02271,13.0707245,3.8357282,4.840258771594534e-39,5.06583309547828e-37,0.5980392156862735,0.05352682288569076,13,4611
HU06G02015,13.063911,4.4245405,5.293626422781976e-39,5.519501084054817e-37,0.5784313725490187,0.0390151064589033,13,22451
HU06G02126,13.061446,3.0869594,5.467914136287718e-39,5.679872605615725e-37,0.656862745098038,0.11157368859283774,13,22562
HU08G02059,13.058396,5.097985,5.691419263705747e-39,5.889981838764138e-37,0.5637254901960775,0.029975020815986554,13,25203
HU11G01051,13.0544195,4.2450686,5.996504323550126e-39,6.182641167794155e-37,0.5784313725490187,0.0367550850481741,13,26539
HU01G01306,13.037902,3.758795,7.447842004600935e-39,7.622357859690294e-37,0.5931372549019598,0.04793624360651854,13,8272
HU01G02366,13.034282,2.956381,7.809877608244427e-39,7.963491009730118e-37,0.6960784313725477,0.17188057571071327,13,9332
HU09G00080,13.033341,4.080782,7.906779659601292e-39,8.032766808023509e-37,0.5833333333333324,0.03960984893541098,13,18395
HU08G00977,13.02432,4.6336317,8.89904632028708e-39,9.007848528947524e-37,0.5686274509803912,0.030093969311288087,13,24121
HU08G01667,12.9982815,3.3115242,1.251231881154212e-38,1.25735203709464e-36,0.656862745098038,0.1250148685619106,13,24811
HU02G00140,12.962396,5.0422173,1.9990613228301482e-38,1.9801416353105055e-36,0.5588235294117638,0.024979184013322164,13,12928
HU01G02427,12.949554,3.8253996,2.3632189598777454e-38,2.3325223434949918e-36,0.6029411764705872,0.07255858213393603,13,9393
HU05G01233,12.9419155,3.4411247,2.610392668096528e-38,2.567348959207702e-36,0.6127450980392146,0.06946592125609626,13,1232
HU05G02236,12.91441,4.406579,3.732984078414501e-38,3.6455744160150064e-36,0.5686274509803912,0.0341382181515403,13,2235
HU03G00367,12.906143,3.1239634,4.156022408485872e-38,4.044466017521251e-36,0.6813725490196065,0.15653621981681595,13,10136
HU10G00877,12.85599,2.9323416,7.959957312969214e-38,7.665604724833373e-36,0.6470588235294106,0.09944094207208172,13,17143
HU02G02271,12.805995,3.1954453,1.51768089940925e-37,1.4464907128905688e-35,0.6274509803921557,0.0917092898774823,13,15059
HU09G00376,12.761443,4.2757,2.691666375379488e-37,2.530622607496614e-35,0.5637254901960775,0.032948733198524933,13,18691
HU02G00017,12.754773,3.0727513,2.9322564653443143e-37,2.747504495483938e-35,0.6519607843137243,0.11430950398477292,13,12805
HU05G02118,12.730374,4.7272916,4.009127357984536e-37,3.731313666902722e-35,0.5490196078431364,0.02176757464018077,13,2117
HU07G00310,12.725244,3.7594764,4.281375266871413e-37,3.971369331995942e-35,0.5833333333333324,0.05340787439038922,13,2650
HU06G02628,12.7134,4.2608933,4.9820100701388245e-37,4.605868309843343e-35,0.5588235294117638,0.03128345426430342,13,23064
HU06G00131,12.712915,4.0332127,5.0129844955536835e-37,4.6191071423316086e-35,0.5784313725490187,0.052218389437373856,13,20567
HU02G00305,12.7078705,3.0427341,5.347075484120671e-37,4.910633726890292e-35,0.6421568627450969,0.10348519091233373,13,13093
HU02G02539,12.700146,4.1778097,5.901951421761433e-37,5.40233078160242e-35,0.5686274509803912,0.04091828238372788,13,15327
HU11G01398,12.695101,4.522349,6.2948845844905075e-37,5.743046840488296e-35,0.5539215686274501,0.028547638872368157,13,26886
HU04G00580,12.677443,4.2183027,7.886307988576255e-37,7.171368920103686e-35,0.5686274509803912,0.043654097775663224,13,5302
HU02G03003,12.66379,3.8121297,9.385713557316108e-37,8.506953121312492e-35,0.5784313725490187,0.051266801474961564,13,15791
HU04G00789,12.631623,4.2801366,1.413330790478174e-36,1.2729165760610585e-34,0.5686274509803912,0.04662781015820164,13,5511
HU03G02664,12.631609,3.3124583,1.4135868232442978e-36,1.2729165760610585e-34,0.6372549019607832,0.12204115617937235,13,12433
HU02G00620,12.630368,3.5323682,1.4360390390714437e-36,1.2889496035160676e-34,0.5882352941176461,0.06102057808968756,13,13408
HU07G02057,12.570653,4.4406896,3.061838753065067e-36,2.713102166653662e-34,0.5490196078431364,0.027358153919352826,13,4397
HU09G01266,12.562985,3.4389215,3.373580702011007e-36,2.970357484770644e-34,0.6127450980392146,0.09301772332579912,13,19581
HU02G00016,12.526729,4.2071977,5.331679655490362e-36,4.664799219085968e-34,0.5588235294117638,0.04103723087902942,13,12804
HU06G01904,12.514486,3.8156536,6.22089728010647e-36,5.4086704095220354e-34,0.5784313725490187,0.05935529915546605,13,22340
HU02G00313,12.506334,2.786984,6.893257179419816e-36,5.974515245975269e-34,0.6960784313725477,0.18151540383013717,13,13101
HU08G01006,12.483032,3.3391047,9.239936167989395e-36,7.98347755823009e-34,0.5931372549019598,0.06708695135006566,13,24150
HU09G01195,12.480581,3.940674,9.528868022211253e-36,8.207551384969848e-34,0.573529411764705,0.06185321755679832,13,19510
HU01G00595,12.463137,5.889627,1.1861175265420962e-35,1.018482030917803e-33,0.5245098039215679,0.013203282978470352,13,7561
HU04G01768,12.455498,3.149886,1.3053456328964508e-35,1.113961880873325e-33,0.6617647058823517,0.16414892351611385,13,6490
HU03G00790,12.45041,3.4752324,1.3912896113766211e-35,1.183663109556153e-33,0.5833333333333324,0.061972166052099854,13,10559
HU11G01399,12.449084,4.1063914,1.4145867828527077e-35,1.1998031933461727e-33,0.5539215686274501,0.03746877601998332,13,26887
HU08G02264,12.440861,4.6852546,1.5680445707066582e-35,1.3259059807484501e-33,0.539215686274509,0.025454977994528297,13,25408
HU05G00069,12.435887,5.0544186,1.668778043155018e-35,1.4025320917243766e-33,0.5294117647058816,0.01641489235161178,13,68
HU06G00170,12.431155,4.2121215,1.7705642770984173e-35,1.4835830883783868e-33,0.5686274509803912,0.06411323896752742,13,20606
HU02G03093,12.417303,2.7354107,2.1054102088892213e-35,1.7588419320344145e-33,0.6470588235294106,0.11264422505055151,13,15881
HU11G00939,12.4106045,3.348754,2.289186941575307e-35,1.9066246193570913e-33,0.5882352941176461,0.06673010586416107,13,26427
HU11G01807,12.355906,3.7290401,4.5263121676216093e-35,3.7473811334025476e-33,0.5637254901960775,0.04805519210182008,13,27295
HU07G01636,12.347126,4.6569595,5.048268888500718e-35,4.167075524481173e-33,0.5441176470588227,0.03889615796360176,13,3976
HU07G01095,12.330951,3.112797,6.171456701744023e-35,5.079090552607433e-33,0.6176470588235283,0.10396098489353985,13,3435
HU11G01413,12.327458,4.2334085,6.444741973779329e-35,5.272711464388486e-33,0.5539215686274501,0.045319376709884736,13,26901
HU01G01532,12.327074,3.4166157,6.475585114907856e-35,5.282363328293217e-33,0.5931372549019598,0.08195551326275687,13,8498
HU04G01643,12.321116,3.6721063,6.972225642261971e-35,5.654230356378239e-33,0.5980392156862735,0.09539669323182971,13,6365
HU07G01085,12.31419,5.002276,7.597406648827418e-35,6.143267446216572e-33,0.5245098039215679,0.01641489235161178,13,3425
HU06G00558,12.304114,3.7313786,8.607580882916501e-35,6.939862086851429e-33,0.5637254901960775,0.04972047103604159,13,20994
HU08G01226,12.303643,4.1127357,8.657861242333366e-35,6.960167581336694e-33,0.5490196078431364,0.03651718805757103,13,24370
HU04G00030,12.262598,3.7387357,1.438136431701432e-34,1.1461699406103223e-32,0.5833333333333324,0.08052813131913851,13,4752
HU10G01906,12.238669,5.4341273,1.931739813255546e-34,1.5264046644057712e-32,0.5196078431372542,0.016652789342214848,13,18172
HU09G01542,12.231458,3.9443119,2.111155815976205e-34,1.6634348453437512e-32,0.5490196078431364,0.03830141548709408,13,19857
HU04G00141,12.210893,4.3642855,2.7189102403996e-34,2.1301970485164663e-32,0.5539215686274501,0.0611395265849891,13,4863
HU06G01765,12.204721,3.227204,2.933116159156174e-34,2.2915486387097603e-32,0.6176470588235283,0.11454740097537598,13,22201
HU11G00313,12.199092,3.7578008,3.143105844720545e-34,2.4487090057113573e-32,0.5539215686274501,0.0452004282145832,13,25801
HU06G02331,12.1917095,4.1244965,3.4412724646182477e-34,2.673492767680311e-32,0.5441176470588227,0.03746877601998332,13,22767
HU01G02377,12.14693,3.973436,5.9560582442710414e-34,4.588646539023815e-32,0.5441176470588227,0.03699298203877718,13,9343
HU06G02109,12.133148,4.2280006,7.048665472083968e-34,5.415366672250661e-32,0.5343137254901953,0.03056976329249422,13,22545
HU10G00391,12.107209,4.118524,9.672909513031865e-34,7.370278718240077e-32,0.5343137254901953,0.030331866301891153,13,16657
HU08G01154,12.099357,3.1021664,1.0644188560540858e-33,8.088125197989061e-32,0.6078431372549009,0.10027358153919243,13,24298
HU08G01656,12.078549,3.568995,1.3711800940958734e-33,1.0362310602111458e-31,0.5588235294117638,0.052575234923278466,13,24800
HU05G00112,12.046482,3.3545535,2.0240510685878692e-33,1.5254634887849064e-31,0.5980392156862735,0.1074104912572842,13,111
HU06G00603,12.037803,2.656473,2.248651801532614e-33,1.6901451955421963e-31,0.6715686274509791,0.1647436659926215,13,21039
HU11G01718,12.032971,4.227104,2.38422623076839e-33,1.7872030948746295e-31,0.5294117647058816,0.028904484358272756,13,27206
HU05G01619,11.9968,3.638151,3.693000969226938e-33,2.7459887903889843e-31,0.5490196078431364,0.04769834661591547,13,1618
HU04G00223,11.985242,4.4835715,4.246037234737484e-33,3.1487658477391477e-31,0.5196078431372542,0.023076008088497635,13,4945
HU05G01229,11.9791565,2.92365,4.5695083781725845e-33,3.3796083964964437e-31,0.6617647058823517,0.16973950279528574,13,1228
HU02G00549,11.96479,4.4253488,5.433469316553407e-33,4.007906156771509e-31,0.539215686274509,0.05174259545616771,13,13337
HU09G01698,11.96432,4.090223,5.4643419884480645e-33,4.019987401846342e-31,0.5294117647058816,0.032948733198524933,13,20013
HU03G00904,11.955769,4.568413,6.057039157458198e-33,4.444232302436591e-31,0.5147058823529405,0.020340192696562374,13,10673
HU01G00774,11.955399,4.10031,6.084118212117145e-33,4.452322390846148e-31,0.5294117647058816,0.033900321160937226,13,7740
HU02G01041,11.940448,4.1979527,7.282983486747756e-33,5.301667900392363e-31,0.5294117647058816,0.03508980611395259,13,13829
HU09G00301,11.920923,2.7619874,9.208278447360409e-33,6.6681880610324e-31,0.6421568627450969,0.14939931009872418,13,18616
HU10G01002,11.909978,2.5946705,1.0500565840913049e-32,7.584197749940714e-31,0.656862745098038,0.14761508266920123,13,17268
HU03G00804,11.906629,5.248564,1.0930858334503632e-32,7.874476776817096e-31,0.504901960784313,0.014273819436184165,13,10573
HU06G02082,11.89718,4.1274657,1.224152879967307e-32,8.7730956397657e-31,0.539215686274509,0.05102890448435849,13,22518
HU05G02119,11.895127,4.838635,1.2546208463844434e-32,8.968275560431067e-31,0.5098039215686268,0.01784227429523018,13,2118
HU10G00132,11.894771,2.7984166,1.259986617555964e-32,8.983477850363665e-31,0.6127450980392146,0.10550731533245973,13,16398
HU09G00356,11.875232,4.27099,1.591931443908717e-32,1.1263321070614353e-30,0.5196078431372542,0.02676341144284516,13,18671
HU03G01436,11.873777,2.765236,1.6198453316372356e-32,1.1431656558004766e-30,0.6127450980392146,0.10431783037944443,13,11205
HU06G02278,11.866524,3.3963273,1.7665740687788569e-32,1.243551568466538e-30,0.5833333333333324,0.09765671464255878,13,22714
HU05G01438,11.865697,4.4878697,1.7841096140506515e-32,1.252715953055565e-30,0.5196078431372542,0.02938027833947889,13,1437
HU07G01659,11.860552,2.9013455,1.8972059666074907e-32,1.3254158056387595e-30,0.6127450980392146,0.11894849530153258,13,3999
HU01G00237,11.817226,3.882411,3.180125837478288e-32,2.2050197525615077e-30,0.5343137254901953,0.045676222195789346,13,7203
HU01G02097,11.814789,5.5095763,3.273699454395141e-32,2.264240757297986e-30,0.504901960784313,0.022600214107291502,13,9063
HU06G00617,11.814162,3.350137,3.2982159066729964e-32,2.2755228400889442e-30,0.5784313725490187,0.09075770191507006,13,21053
HU08G01709,11.797787,3.692534,4.00713915391664e-32,2.7577668594014393e-30,0.5441176470588227,0.05174259545616771,13,24853
HU05G01684,11.778532,3.5593908,5.036247682164815e-32,3.448897023823238e-30,0.539215686274509,0.04543832520518627,13,1683
HU10G00671,11.774684,2.455836,5.271421517143901e-32,3.601056053644977e-30,0.656862745098038,0.1442845248007584,13,16937
HU05G00216,11.73971,2.708476,7.975956339505249e-32,5.435212508014204e-30,0.6127450980392146,0.11074104912572703,13,215
HU06G00125,11.736774,5.433821,8.25765285974219e-32,5.613382403552688e-30,0.49509803921568557,0.012132746520756538,13,20561
HU10G00714,11.719501,3.0317519,1.0126708149121422e-31,6.858419052441211e-30,0.5686274509803912,0.07184489116212685,13,16980
HU10G00779,11.67941,4.5010123,1.6241879635986094e-31,1.0907228370558701e-29,0.504901960784313,0.021886523135482304,13,17045
HU07G00077,11.671315,4.571856,1.786403788748273e-31,1.1967610889114337e-29,0.5098039215686268,0.028071844891162025,13,2417
HU05G01920,11.668294,5.1317472,1.8509869431237362e-31,1.237039105241851e-29,0.49509803921568557,0.014511716426787235,13,1919
HU02G01965,11.662265,3.721362,1.986855515451702e-31,1.3246499452176192e-29,0.5294117647058816,0.04234566432734632,13,14753
HU10G00634,11.657148,2.6907048,2.109902970180597e-31,1.3999559540181546e-29,0.6029411764705872,0.10205780896871537,13,16900
HU10G00984,11.65598,4.1170506,2.139053225143535e-31,1.41591029115408e-29,0.5147058823529405,0.030807660283097286,13,17250
HU11G00383,11.654626,3.840624,2.173325115170416e-31,1.4351707635536068e-29,0.5245098039215679,0.0390151064589033,13,25871
HU04G01686,11.65236,3.274797,2.231909354644401e-31,1.47035643589222e-29,0.5588235294117638,0.06994171523730237,13,6408
HU08G01405,11.621105,3.1369083,3.219430546232613e-31,2.1108961276539366e-29,0.5882352941176461,0.11002735815391786,13,24549
HU07G00295,11.614193,4.352643,3.490671730509723e-31,2.2833438784360183e-29,0.504901960784313,0.023194956583799168,13,2635
HU09G01857,11.610517,2.758928,3.644083316577134e-31,2.3780859008298072e-29,0.6323529411764695,0.1503508980611364,13,20172
HU06G00107,11.607239,3.2944052,3.7864782106566424e-31,2.4652106378535676e-29,0.5441176470588227,0.0562626382776261,13,20543
HU02G00714,11.603391,5.744446,3.960699313396305e-31,2.5691552230275547e-29,0.48529411764705815,0.008207446175805889,13,13502
HU05G00114,11.603305,3.5215502,3.964659943954546e-31,2.5691552230275547e-29,0.539215686274509,0.05566789580111842,13,113
HU11G01282,11.601581,5.010436,4.045377121702697e-31,2.615350453856044e-29,0.4999999999999993,0.0236707505650053,13,26770
HU10G00417,11.5974045,2.8072426,4.2476542103556965e-31,2.739736965679424e-29,0.6421568627450969,0.18437016771737388,13,16683
HU02G00358,11.595865,5.272552,4.32471964059391e-31,2.7829721399506286e-29,0.49019607843137186,0.012965385987867282,13,13146
HU05G01680,11.593485,4.3253026,4.446626704948442e-31,2.854796103281135e-29,0.504901960784313,0.0243844415368145,13,1679
HU07G01713,11.592103,4.327877,4.518994835384195e-31,2.894557084512255e-29,0.504901960784313,0.025454977994528297,13,4053
HU10G01777,11.587357,4.6454124,4.77644585953858e-31,3.0524130395000576e-29,0.4999999999999993,0.02141072915427617,13,18043
HU06G01978,11.579034,3.254048,5.263589473724333e-31,3.355992047212515e-29,0.5539215686274501,0.06875223028428708,13,22414
HU10G01882,11.575642,5.1166263,5.475982805220431e-31,3.483403282174052e-29,0.49509803921568557,0.018555965267039377,13,18148
HU08G01535,11.564896,3.6058774,6.206645284001735e-31,3.9391603421461813e-29,0.5490196078431364,0.07029856072320696,13,24679
HU02G00014,11.540154,4.5584064,8.277623070664402e-31,5.241549677280302e-29,0.4999999999999993,0.022719162602593036,13,12802
HU04G01351,11.521656,2.3564334,1.0261990507196169e-30,6.483287168954117e-29,0.6764705882352928,0.17973117640061423,13,6073
HU01G02254,11.512249,2.939118,1.1445345331248213e-30,7.21446938095839e-29,0.5686274509803912,0.08040918282383698,13,9220
HU10G00887,11.49499,3.012952,1.3979657705770163e-30,8.791968400669739e-29,0.6078431372549009,0.13572023313904827,13,17153
HU07G01016,11.4739685,2.3414161,1.782904112699173e-30,1.1162267622056786e-28,0.6764705882352928,0.18151540383013717,13,3356
HU08G00081,11.473128,3.1768906,1.800318241119697e-30,1.1245906850778109e-28,0.5784313725490187,0.10300939693112761,13,23225
HU10G01469,11.449855,2.5515084,2.3554026731590467e-30,1.4647330300463267e-28,0.6372549019607832,0.15665516831211748,13,17735
HU05G02127,11.44508,2.5159197,2.48874184083977e-30,1.540742298118103e-28,0.656862745098038,0.19555132627571767,13,2126
HU02G00777,11.437427,4.356837,2.7182802573516792e-30,1.6790980609721344e-28,0.4999999999999993,0.027001308433448227,13,13565
HU08G01761,11.426225,2.4315119,3.0926371565387876e-30,1.9018689919424227e-28,0.656862745098038,0.1723563696919194,13,24905
HU08G01968,11.410049,3.2221422,3.72519328125958e-30,2.2807557539897227e-28,0.5539215686274501,0.07862495539431404,13,25112
HU02G02488,11.408096,2.5551097,3.809750439310973e-30,2.3273882915041812e-28,0.6078431372549009,0.1141905554894714,13,15276
HU08G01904,11.407569,3.812346,3.83291193475901e-30,2.3363914837481574e-28,0.5098039215686268,0.03318663018912801,13,25048
HU05G00165,11.3862915,3.0280962,4.893800095593693e-30,2.970011939853196e-28,0.5539215686274501,0.07255858213393603,13,164
HU05G01289,11.375788,3.5609155,5.5202371401640326e-30,3.342877228874442e-28,0.5343137254901953,0.06149637207089371,13,1288
HU02G01423,11.365783,2.8667784,6.190714187893794e-30,3.7407289324887664e-28,0.5637254901960775,0.07898180088021862,13,14211
HU03G01234,11.364728,3.0354247,6.265936980609515e-30,3.777951351243584e-28,0.5490196078431364,0.0692280242654932,13,11003
HU05G02235,11.358628,4.5039988,6.719146590116568e-30,4.04223204068085e-28,0.4999999999999993,0.03318663018912801,13,2234
HU08G01524,11.358443,3.760069,6.73340978112332e-30,4.04223204068085e-28,0.5098039215686268,0.036398239562269494,13,24668
HU02G00708,11.35022,2.8297157,7.397674867458741e-30,4.431414955701256e-28,0.573529411764705,0.09218508385868841,13,13496
HU03G02194,11.336951,4.7418056,8.609192999601602e-30,5.134967050407536e-28,0.49019607843137186,0.024265493041512966,13,11963
HU04G00320,11.322998,3.0367322,1.0095869625840108e-29,5.995908866652578e-28,0.5490196078431364,0.07041750921850849,13,5042
HU02G00031,11.310086,3.7495456,1.1697463423712862e-29,6.917465843425933e-28,0.5098039215686268,0.038420363982395615,13,12819
HU09G01085,11.30859,4.2136292,1.189866497389908e-29,7.021478150023213e-28,0.4999999999999993,0.03211609373141418,13,19400
HU04G01580,11.307792,2.9098208,1.2007372857014256e-29,7.070583570897884e-28,0.5588235294117638,0.0788628523849171,13,6302
HU10G01445,11.295792,2.8946686,1.3765828783905658e-29,8.071781423290136e-28,0.5637254901960775,0.08635660758891346,13,17711
HU11G01368,11.291601,2.5587885,1.443817917565282e-29,8.44816243537407e-28,0.5931372549019598,0.10693469727607809,13,26856
HU04G02006,11.286158,3.25568,1.5360668502258483e-29,8.938649069281637e-28,0.5539215686274501,0.08802188652313488,13,6728
HU05G01845,11.286086,3.2990103,1.5373122790868365e-29,8.938649069281637e-28,0.539215686274509,0.06696800285476413,13,1844
HU07G00654,11.285316,4.1634746,1.550826926805325e-29,8.998365024047216e-28,0.49509803921568557,0.02712025692874976,13,2994
HU02G01594,11.281711,3.0390027,1.6157323925315386e-29,9.355394135044305e-28,0.5490196078431364,0.07255858213393603,13,14382
HU07G01193,11.281027,4.740045,1.6283472746683982e-29,9.408794096443338e-28,0.48529411764705815,0.019507553229451642,13,3533
HU09G00396,11.280229,4.138578,1.6431882082592968e-29,9.474807683174969e-28,0.4999999999999993,0.03473296062804798,13,18711
HU10G00618,11.26267,3.2126637,2.0058754595998467e-29,1.15182103254662e-27,0.539215686274509,0.06708695135006566,13,16884
HU08G01649,11.252024,4.2831607,2.263380819188018e-29,1.2970013847144563e-27,0.49019607843137186,0.0240275960509099,13,24793
HU06G02067,11.249943,2.9933653,2.3174155263320127e-29,1.3252272087179046e-27,0.5490196078431364,0.07339122160104673,13,22503
HU11G01856,11.237829,3.2499156,2.6583971387329514e-29,1.5170914535546996e-27,0.5245098039215679,0.0513857499702631,13,27344
HU10G00495,11.15742,3.704695,6.587585071442175e-29,3.7287075909479336e-27,0.5294117647058816,0.07505650053526815,13,16761
HU05G00106,11.155966,3.8987272,6.696155367682122e-29,3.782441326327162e-27,0.504901960784313,0.04103723087902942,13,105
HU05G00591,11.120464,4.362969,9.975128550158811e-29,5.6231746003791595e-27,0.48529411764705815,0.02521708100392523,13,590
HU03G02586,11.118868,2.3228645,1.0155196339843319e-28,5.7130703952445125e-27,0.6715686274509791,0.1956702747710192,13,12355
HU06G01161,11.113168,3.9879131,1.0825020563659027e-28,6.077569743584678e-27,0.49019607843137186,0.028904484358272756,13,21597
HU03G01862,11.090279,4.026376,1.3985096367815365e-28,7.820093704866111e-27,0.5147058823529405,0.06791959081717637,13,11631
HU06G00560,11.075428,3.0900161,1.6508856210652247e-28,9.212738973892153e-27,0.5294117647058816,0.0611395265849891,13,20996
HU04G02105,11.065523,5.002954,1.8438328580232866e-28,1.026881612796704e-26,0.47549019607843074,0.020697038182466973,13,6827
HU08G00800,11.062132,2.9398928,1.9149207525497339e-28,1.0643352118630636e-26,0.5441176470588227,0.07517544903056968,13,23944
HU02G01414,11.051456,3.8729005,2.1568616474084082e-28,1.196411155817444e-26,0.49509803921568557,0.03592244558106335,13,14202
HU09G00920,11.021941,3.7338424,2.995293576984288e-28,1.6548698676824548e-26,0.504901960784313,0.0465088616629001,13,19235
HU09G01633,11.017922,3.1769917,3.1320592840670654e-28,1.7269913368508957e-26,0.5294117647058816,0.06565956940644731,13,19948
HU11G01507,10.988848,2.751423,4.324092368581955e-28,2.3795377349726294e-26,0.5588235294117638,0.08837873200903947,13,26995
HU02G00922,10.987665,3.1190329,4.381128329139446e-28,2.4061503803699513e-26,0.5294117647058816,0.06708695135006566,13,13710
HU05G01661,10.975323,4.9671407,5.022599196205953e-28,2.747569796977754e-26,0.47058823529411703,0.019507553229451642,13,1660
HU06G00641,10.967527,3.3171957,5.474920447852875e-28,2.989112571283455e-26,0.5245098039215679,0.06720589984536719,13,21077
HU01G00820,10.914866,3.678769,9.787301328618807e-28,5.322564751945933e-26,0.4999999999999993,0.04698465564410625,13,7786
HU08G02104,10.8896265,4.439285,1.2916913658655061e-27,6.983442501419067e-26,0.48039215686274445,0.032591887712620324,13,25248
HU10G00368,10.875773,2.9154036,1.5037488724745285e-27,8.098344655938069e-26,0.573529411764705,0.13238967527060544,13,16634
HU02G00978,10.839189,3.5099442,2.2445229774253773e-27,1.2017730652295916e-25,0.49509803921568557,0.042226715832044785,13,13766
HU03G00743,10.832419,3.9540834,2.4168431836621487e-27,1.2915442331188765e-25,0.47549019607843074,0.025454977994528297,13,10512
HU05G01876,10.830823,4.4799047,2.4593491842990954e-27,1.3117317235872193e-25,0.47058823529411703,0.023076008088497635,13,1875
HU11G00833,10.803217,2.721508,3.323508629410339e-27,1.7658527171780795e-25,0.5833333333333324,0.13916973950279263,13,26321
HU02G00868,10.794609,5.082657,3.650133498168991e-27,1.9356874296695404e-25,0.4558823529411759,0.01118115855834426,13,13656
HU02G01037,10.761673,3.103071,5.221369148066138e-27,2.763638803847602e-25,0.5098039215686268,0.05447841084810305,13,13825
HU03G01473,10.744485,3.5615141,6.2912093684029485e-27,3.323556034907729e-25,0.4999999999999993,0.05305102890448461,13,11242
HU02G01077,10.729591,2.3216252,7.392209375573816e-27,3.8977742781661553e-25,0.6078431372549009,0.14452242179136146,13,13865
HU08G00749,10.728337,2.9879613,7.493211887537852e-27,3.9360649943345133e-25,0.539215686274509,0.09111454740097465,13,23893
HU04G01571,10.708114,3.5724683,9.32419315525832e-27,4.888591628754054e-25,0.504901960784313,0.061258475080290635,13,6293
HU10G00530,10.704965,3.6307383,9.646776131397025e-27,5.048176151024462e-25,0.48529411764705815,0.038777209468300225,13,16796
HU05G01884,10.703781,3.9219127,9.770764663209041e-27,5.10343046956879e-25,0.47549019607843074,0.03128345426430342,13,1883
HU08G00192,10.702456,2.3310173,9.911569380357613e-27,5.167243924139444e-25,0.6274509803921557,0.17259426668252245,13,23336
HU02G00479,10.699321,3.718947,1.025271525918012e-26,5.33506674884354e-25,0.48529411764705815,0.03996669442131559,13,13267
HU09G01907,10.690997,4.715097,1.1215814266263493e-26,5.825292297281235e-25,0.4558823529411759,0.014273819436184165,13,20222
HU08G00222,10.659287,4.2325935,1.5780252807022724e-26,8.1806600299584165e-25,0.4656862745098033,0.0240275960509099,13,23366
HU08G00997,10.650479,2.3278146,1.734695178304372e-26,8.97607663624473e-25,0.6372549019607832,0.1936481503508932,13,24141
HU08G02163,10.647985,3.0540793,1.7817963323870796e-26,9.202629660848353e-25,0.5343137254901953,0.09289877483049759,13,25307
HU01G02113,10.646018,3.362973,1.8198312263908714e-26,9.381602056496435e-25,0.49509803921568557,0.04972047103604159,13,9079
HU02G00893,10.640332,3.9751832,1.9343890595893062e-26,9.953669864139037e-25,0.48529411764705815,0.04793624360651854,13,13681
HU06G00596,10.629572,3.7221136,2.1710703212030902e-26,1.115085839973476e-24,0.49019607843137186,0.050909955989056954,13,21032
HU05G01762,10.614764,2.9986763,2.5443643649700723e-26,1.3019916173882833e-24,0.5147058823529405,0.0668490543594626,13,1761
HU08G01630,10.609591,4.825944,2.689247876581648e-26,1.3735964982871456e-24,0.4558823529411759,0.018912810752943977,13,24774
HU06G00845,10.604901,6.299661,2.8276108999434743e-26,1.4416137556972843e-24,0.4411764705882348,0.006304270250981332,13,21281
HU08G01975,10.604574,4.343581,2.8375434677682384e-26,1.4440232674963687e-24,0.4656862745098033,0.02938027833947889,13,25119
HU06G01808,10.598432,2.5347645,3.030200305658417e-26,1.5392418585611022e-24,0.5637254901960775,0.11145474009753621,13,22244
HU09G01820,10.596008,4.157794,3.109707450081093e-26,1.5767410626690883e-24,0.4607843137254896,0.020815986677768506,13,20135
HU09G00803,10.591234,3.6669865,3.272485260761019e-26,1.6562477866278625e-24,0.47549019607843074,0.03330557868442954,13,19118
HU05G01922,10.587828,3.2234762,3.393751682100952e-26,1.7144936776515465e-24,0.4999999999999993,0.05566789580111842,13,1921
HU03G02368,10.58217,3.0369902,3.605106787656442e-26,1.817957031920935e-24,0.5098039215686268,0.0636374449863213,13,12137
HU02G02624,10.5757,2.6039917,3.862837936661026e-26,1.937356422663536e-24,0.5441176470588227,0.09325562031640218,13,15412
HU06G02403,10.572308,3.7514963,4.005161683867192e-26,2.005111178737483e-24,0.47549019607843074,0.03437611514214337,13,22839
HU08G01333,10.558768,3.6623576,4.6269297985934946e-26,2.31221437772956e-24,0.48039215686274445,0.04139407636493403,13,24477
HU03G00564,10.550003,2.8123534,5.079526723484016e-26,2.5338250661120356e-24,0.5294117647058816,0.08385868918758134,13,10333
HU05G00041,10.549604,3.2033992,5.101145909062635e-26,2.5400409656705957e-24,0.49019607843137186,0.0465088616629001,13,40
HU06G02568,10.545941,3.3273966,5.303888493331205e-26,2.6362607054218815e-24,0.4999999999999993,0.05947424765076759,13,23004
HU08G00368,10.542464,2.6991594,5.503759742345306e-26,2.7307115644713248e-24,0.539215686274509,0.09218508385868841,13,23512
HU05G01335,10.523623,3.6259565,6.723727112013185e-26,3.324110008051438e-24,0.47549019607843074,0.0367550850481741,13,1334
HU05G00974,10.512991,3.1226227,7.526768275033878e-26,3.714500322207555e-24,0.5098039215686268,0.06934697276079473,13,973
HU02G01074,10.508872,3.3123617,7.862803927320063e-26,3.873443462241952e-24,0.48529411764705815,0.04484358272867859,13,13862
HU05G01366,10.498668,3.8811452,8.760756210986e-26,4.3005234249857824e-24,0.4656862745098033,0.028904484358272756,13,1365
HU10G01193,10.496972,3.7704248,8.919545893769059e-26,4.3707350770969056e-24,0.47058823529411703,0.0341382181515403,13,17459
HU10G00995,10.493395,3.1339161,9.263886134030859e-26,4.5155339530289254e-24,0.4999999999999993,0.058522659688355294,13,17261
HU05G02196,10.478088,4.815738,1.0892325695624718e-25,5.290694451281113e-24,0.4509803921568622,0.019150707743547043,13,2195
HU09G01481,10.469238,3.4777875,1.196020895352475e-25,5.7992376805246315e-24,0.48039215686274445,0.043654097775663224,13,19796
HU06G00395,10.468268,4.222541,1.2083268849208582e-25,5.848681702143107e-24,0.4656862745098033,0.034614012132746445,13,20831
HU01G01392,10.465518,3.186285,1.2439419024100829e-25,6.0001267240597644e-24,0.4999999999999993,0.06006899012727527,13,8358
HU05G01885,10.459846,5.2794905,1.3207040926317774e-25,6.3593277793649905e-24,0.4411764705882348,0.011062210063042725,13,1884
HU09G01339,10.452036,4.419948,1.4341326502522181e-25,6.893530165467118e-24,0.4607843137254896,0.032591887712620324,13,19654
HU06G02050,10.440805,3.4165914,1.6143542068871747e-25,7.746386492736296e-24,0.49509803921568557,0.062447960033306,13,22486
HU08G01361,10.438624,3.9971428,1.6518641578063607e-25,7.912686082341868e-24,0.4558823529411759,0.022243368621386903,13,24505
HU02G00785,10.437,2.536211,1.6803731160894406e-25,8.03537040943804e-24,0.5588235294117638,0.11276317354585304,13,13573
HU06G02470,10.42805,2.2909696,1.8463890267085326e-25,8.814044691180921e-24,0.6078431372549009,0.16367312953490773,13,22906
HU01G00712,10.403508,4.0219655,2.389701155842745e-25,1.1388034631838236e-23,0.4558823529411759,0.0236707505650053,13,7678
HU06G01800,10.396895,3.2410913,2.5614365493033894e-25,1.2185496174087393e-23,0.5098039215686268,0.0808849768050431,13,22236
HU02G02583,10.387732,4.055927,2.81980956382588e-25,1.3391681207655955e-23,0.4558823529411759,0.02521708100392523,13,15371
HU09G00701,10.38709,3.4926622,2.8388294957505813e-25,1.3458963429853397e-23,0.47549019607843074,0.04317830379445708,13,19016
HU02G03040,10.3827715,2.5658772,2.9702490537248193e-25,1.4057996161272673e-23,0.5294117647058816,0.08469132865469205,13,15828
HU02G03404,10.381817,2.8991814,3.000113039161914e-25,1.4175150790656846e-23,0.5196078431372542,0.08457238015939052,13,16192
HU05G00213,10.373222,3.3184087,3.282635990805894e-25,1.5483658028061474e-23,0.47549019607843074,0.04056143689782327,13,212
HU09G00564,10.369959,3.0884972,3.396703697584829e-25,1.5994495255095964e-23,0.4999999999999993,0.06613536338765343,13,18879
HU04G01100,10.359898,2.6793413,3.773674731036688e-25,1.7709453242859988e-23,0.5294117647058816,0.08992506244795935,13,5822
HU03G01866,10.356791,3.7399645,3.898244626272089e-25,1.8263144376631144e-23,0.47549019607843074,0.045319376709884736,13,11635
HU04G01041,10.35565,3.5513825,3.9449731882871465e-25,1.8450899051794942e-23,0.4656862745098033,0.03306768169382647,13,5763
HU09G00355,10.352785,3.0084093,4.064842207046668e-25,1.8979528385932547e-23,0.5343137254901953,0.10669680028547503,13,18670
HU02G01556,10.344563,3.5563447,4.429364581580926e-25,2.0612152125863587e-23,0.47058823529411703,0.039134054954204835,13,14344
HU07G01979,10.335085,3.4839914,4.889803978284268e-25,2.2716702401627165e-23,0.47058823529411703,0.039490900440109444,13,4319
HU01G02174,10.3169565,2.9794326,5.906602808365347e-25,2.7348852903174105e-23,0.504901960784313,0.06970381824669931,13,9140
HU10G00833,10.31432,2.381872,6.070980274719006e-25,2.80631063198886e-23,0.5833333333333324,0.1478529796598043,13,17099
HU01G01987,10.306724,2.7002742,6.570336565669225e-25,3.0320846031420296e-23,0.5245098039215679,0.0881408350184364,13,8953
HU08G01230,10.303161,3.3709278,6.8183728529249415e-25,3.141321778668991e-23,0.47549019607843074,0.0438919947662663,13,24374
HU03G02233,10.295222,3.526629,7.4048555334135265e-25,3.394606086268168e-23,0.47549019607843074,0.04900678006423237,13,12002
HU02G03343,10.293326,2.8480613,7.552129556717024e-25,3.456407809497469e-23,0.5196078431372542,0.09087665041037159,13,16131
HU02G01710,10.2602625,3.5597007,1.0641751173234004e-24,4.8624212321193595e-23,0.4607843137254896,0.03247293921731879,13,14498
HU01G02101,10.236532,3.0373702,1.3602409561785887e-24,6.204980743357427e-23,0.48529411764705815,0.05376471987629383,13,9067
HU10G00436,10.234438,3.0235214,1.390003772262074e-24,6.330337376631958e-23,0.4999999999999993,0.0712501486856192,13,16702
HU02G02933,10.2302475,3.145345,1.4514783940985474e-24,6.599467747593969e-23,0.47549019607843074,0.044962531223980126,13,15721
HU08G01578,10.220456,3.0351682,1.605828292799384e-24,7.277393415161913e-23,0.48529411764705815,0.05281313191388154,13,24722
HU06G00220,10.208129,3.593745,1.8234773353980543e-24,8.250268172473905e-23,0.47549019607843074,0.05352682288569076,13,20656
HU09G00692,10.17743,4.421629,2.5007880125761013e-24,1.1296311975374295e-22,0.4411764705882348,0.02093493517307004,13,19007
HU04G01425,10.153002,3.2288816,3.2132346779470243e-24,1.449090468176597e-22,0.47058823529411703,0.04424884025217091,13,6147
HU01G00584,10.144038,5.110392,3.52232389610915e-24,1.585903461990053e-22,0.43137254901960737,0.014273819436184165,13,7550
HU02G01327,10.143782,3.4685063,3.531589493224949e-24,1.5874981295720253e-22,0.47058823529411703,0.048768883073629296,13,14115
HU02G01145,10.13533,2.3394146,3.8507168692412575e-24,1.7281493910745352e-22,0.6029411764705872,0.180801712858328,13,13933
HU05G01931,10.1281185,5.3887057,4.14549599788037e-24,1.8522642039765573e-22,0.42647058823529366,0.009991673605328912,13,1930
HU01G01702,10.128076,3.1076398,4.147308709823119e-24,1.8522642039765573e-22,0.48039215686274445,0.05519210181991227,13,8668
HU02G02734,10.103263,2.1526866,5.343401971424008e-24,2.378800219541651e-22,0.6078431372549009,0.17164267872011021,13,15522
HU09G00512,10.096793,2.172185,5.707847862936109e-24,2.532914567656528e-22,0.6323529411764695,0.19757345069584367,13,18827
HU03G01461,10.064469,3.7227485,7.931386428367746e-24,3.512472380344242e-22,0.4509803921568622,0.03318663018912801,13,11230
HU02G02875,10.064355,2.9137714,7.940581151886929e-24,3.512472380344242e-22,0.5098039215686268,0.09242298084929147,13,15663
HU07G01198,10.047253,2.510271,9.446387499298015e-24,4.1520690537722735e-22,0.5343137254901953,0.10633995479957044,13,3538
HU05G00440,10.024721,2.899057,1.1869458120282552e-23,5.2006227640764075e-22,0.4999999999999993,0.07910074937552015,13,439
HU06G00463,10.020958,4.7698164,1.2330153834977673e-23,5.393956097998513e-22,0.42647058823529366,0.013203282978470352,13,20899
HU04G01786,9.998497,2.9574795,1.5472706042066314e-23,6.74741355466524e-22,0.5098039215686268,0.09468300226002054,13,6508
HU07G00107,9.991443,2.2440321,1.6614592631002594e-23,7.233998848051129e-22,0.5441176470588227,0.10848102771499797,13,2447
HU06G02635,9.978673,4.830211,1.8897735454226745e-23,8.2023269612359745e-22,0.42647058823529366,0.015225407398596444,13,23071
HU05G00340,9.970164,2.9248035,2.0588754091850923e-23,8.92232960527321e-22,0.48529411764705815,0.06447008445343201,13,339
HU02G01586,9.945823,3.2159605,2.6299306489868338e-23,1.1379270912581878e-21,0.4607843137254896,0.04246461282264786,13,14374
HU10G00701,9.926041,3.6816955,3.2073949561254103e-23,1.3834696595355872e-21,0.4411764705882348,0.028785535862971223,13,16967
HU02G00546,9.923461,2.2679143,3.291409182154833e-23,1.4175036283705636e-21,0.5343137254901953,0.10146306649220772,13,13334
HU02G00592,9.92148,2.1296444,3.3574043026905556e-23,1.443683850156939e-21,0.6078431372549009,0.18460806470797694,13,13380
HU01G02311,9.915551,4.77679,3.562844178601658e-23,1.5296514441720896e-21,0.42156862745097995,0.012489592006661143,13,9277
HU08G00219,9.913613,4.082654,3.632669915583992e-23,1.5572194761780839e-21,0.43137254901960737,0.02057808968716544,13,23363
HU02G00621,9.89785,2.33344,4.2531864093866793e-23,1.8148019240667623e-21,0.5490196078431364,0.12477697157130753,13,13409
HU01G00828,9.883071,2.8129423,4.929842393321904e-23,2.0970732941531136e-21,0.49509803921568557,0.0796954918520278,13,7794
HU10G01649,9.877712,3.3139613,5.2006573075555265e-23,2.2055081104748092e-21,0.4558823529411759,0.04282145830855247,13,17915
HU08G01616,9.874535,2.0508695,5.368178200861403e-23,2.2730751511586413e-21,0.6274509803921557,0.19947662662066815,13,24760
HU05G00389,9.863048,3.179582,6.019432487109881e-23,2.5449536589937887e-21,0.48529411764705815,0.07981444034732933,13,388
HU10G00021,9.845731,3.3797646,7.151735076860443e-23,3.0190772048207666e-21,0.4509803921568622,0.038063518496491006,13,16287
HU02G00918,9.8403015,2.026879,7.548456932281288e-23,3.1817090124137008e-21,0.5833333333333324,0.14820982514570888,13,13706
HU09G01613,9.839132,2.0663674,7.63664862170047e-23,3.2139977165836503e-21,0.5784313725490187,0.1458308552396783,13,19928
HU02G03278,9.823783,3.320116,8.894164454295418e-23,3.737570471816415e-21,0.4558823529411759,0.045676222195789346,13,16066
HU02G03121,9.819778,3.3005812,9.254678554013795e-23,3.88318471551547e-21,0.4656862745098033,0.057808968716546075,13,15909
HU07G01211,9.808747,3.1864934,1.0324212673999242e-22,4.318884442132262e-21,0.47549019607843074,0.07029856072320696,13,3551
HU11G01596,9.808462,4.7024307,1.0353412685056178e-22,4.324576819578812e-21,0.42156862745097995,0.01784227429523018,13,27084
HU10G00800,9.785816,2.6467679,1.2954596372308366e-22,5.402943314074775e-21,0.48529411764705815,0.06815748780777943,13,17066
HU02G01336,9.784405,3.5385637,1.313654679099298e-22,5.470602481204058e-21,0.4460784313725485,0.03853931247769715,13,14124
HU08G01055,9.776267,4.480875,1.4236434560705023e-22,5.919752811711452e-21,0.42156862745097995,0.018199119781134778,13,24199
HU01G00123,9.771522,2.2395525,1.4919456565885714e-22,6.1944779618988065e-21,0.5686274509803912,0.14928036160342265,13,7089
HU08G01817,9.771236,5.3346853,1.4961496129387774e-22,6.202108921137795e-21,0.41176470588235253,0.010229570595931981,13,24961
HU06G02626,9.756899,2.9974794,1.7234455261284528e-22,7.113059771900689e-21,0.4656862745098033,0.054002616866896905,13,23062
HU05G00965,9.75516,3.645006,1.753236112739246e-22,7.225260562678008e-21,0.4460784313725485,0.042226715832044785,13,964
HU02G01015,9.747023,3.985994,1.8995821927058878e-22,7.793626052470089e-21,0.4411764705882348,0.040799333888426347,13,13803
HU10G01309,9.740053,3.1514387,2.034478239178907e-22,8.334749477640617e-21,0.4607843137254896,0.05388366837159537,13,17575
HU07G00128,9.735093,4.137965,2.13621078879859e-22,8.73861448780662e-21,0.42647058823529366,0.022600214107291502,13,2468
HU01G00251,9.724419,3.9645855,2.372562751778979e-22,9.691167587715756e-21,0.42647058823529366,0.022719162602593036,13,7217
HU06G00629,9.709469,3.619869,2.747658353624616e-22,1.120680947614393e-20,0.4362745098039211,0.03164029975020803,13,21065
HU06G02676,9.705221,3.4739504,2.8645334262617117e-22,1.166634868977512e-20,0.4558823529411759,0.05388366837159537,13,23112
HU07G02274,9.702314,3.9582775,2.94736537624703e-22,1.1986096585074983e-20,0.42647058823529366,0.024503390032116032,13,4614
HU02G00113,9.6903,2.8160336,3.315540293321694e-22,1.3463617867536922e-20,0.47549019607843074,0.06447008445343201,13,12901
HU05G00166,9.684257,3.833993,3.517568975270259e-22,1.426312507735682e-20,0.43137254901960737,0.02938027833947889,13,165
HU05G00757,9.6816635,2.621518,3.607982257159174e-22,1.460837779595762e-20,0.5196078431372542,0.11847270132032646,13,756
HU11G01456,9.67954,2.6108863,3.6837110575410474e-22,1.486652935342731e-20,0.5343137254901953,0.13167598429879626,13,26944
HU04G02070,9.679425,2.7578166,3.687821234958713e-22,1.486652935342731e-20,0.48039215686274445,0.0720827881527299,13,6792
HU05G00144,9.6735115,5.0760026,3.9073778780036445e-22,1.5705960209627693e-20,0.41176470588235253,0.01486856191269184,13,143
HU03G02231,9.663777,2.5512137,4.297218356295196e-22,1.7223027617318966e-20,0.5147058823529405,0.10812418222909338,13,12000
HU03G00031,9.639478,3.4925287,5.446449689872472e-22,2.179758761163247e-20,0.4411764705882348,0.039490900440109444,13,9800
HU03G01008,9.638209,2.5998726,5.514157998842009e-22,2.203676831381601e-20,0.5098039215686268,0.10253360294992149,13,10777
HU02G02905,9.630655,3.1191134,5.934962575497815e-22,2.368434345775998e-20,0.4509803921568622,0.04686570714880471,13,15693
HU03G00341,9.62323,4.6113467,6.379556682922363e-22,2.5421983419662606e-20,0.41176470588235253,0.014749613417390305,13,10110
HU04G00757,9.622589,2.6128619,6.419469012387641e-22,2.554432898975197e-20,0.5098039215686268,0.10443677887474596,13,5479
HU05G01915,9.6176,3.3526335,6.738449977073284e-22,2.6775202022081308e-20,0.4509803921568622,0.051266801474961564,13,1914
HU04G00822,9.615534,3.4985323,6.875148861175287e-22,2.7279292369770616e-20,0.4411764705882348,0.041513024860235566,13,5544
HU01G01966,9.607297,2.8993063,7.447867571618931e-22,2.9509515299835864e-20,0.4558823529411759,0.04960152254074005,13,8932
HU09G00553,9.604461,4.1932797,7.655776403532953e-22,3.0290008352637156e-20,0.41666666666666624,0.019269656238848576,13,18868
HU07G00787,9.598446,2.2312095,8.1158586709804795e-22,3.206457838171561e-20,0.5294117647058816,0.11288212204115457,13,3127
HU05G00661,9.592289,3.2163808,8.615176959216062e-22,3.3940615477820664e-20,0.4411764705882348,0.0390151064589033,13,660
HU05G01315,9.590736,2.782632,8.745891441196703e-22,3.440670909526107e-20,0.47549019607843074,0.07089330319971461,13,1314
HU08G01299,9.588541,2.8039412,8.933921754581373e-22,3.5096645872990707e-20,0.4656862745098033,0.06006899012727527,13,24443
HU02G03079,9.575572,2.3740513,1.0129509710662927e-21,3.973719262025973e-20,0.504901960784313,0.09313667182110065,13,15867
HU08G00784,9.572579,1.98535,1.0427153353365242e-21,4.084704777621257e-20,0.5784313725490187,0.156774116807419,13,23928
HU05G00253,9.56742,3.7175314,1.0960683890142047e-21,4.2876525767713635e-20,0.43137254901960737,0.034970857618651055,13,252
HU05G00057,9.555505,3.3768225,1.2298236271787292e-21,4.797349971842764e-20,0.4509803921568622,0.054002616866896905,13,56
HU06G00364,9.554564,3.8373384,1.241046376786967e-21,4.8343288286778836e-20,0.42156862745097995,0.024622338527417565,13,20800
HU09G01882,9.549848,4.2920084,1.2988767509467968e-21,5.052503041726425e-20,0.41666666666666624,0.02248126561198997,13,20197
HU04G00451,9.546968,2.9269626,1.335470750005453e-21,5.187574404958157e-20,0.4607843137254896,0.05923635066016451,13,5173
HU03G02783,9.546341,3.000772,1.343576009872147e-21,5.211759529203356e-20,0.4509803921568622,0.048412037587724686,13,12552
HU09G01840,9.545657,2.7279887,1.352473625464532e-21,5.238946369030558e-20,0.47058823529411703,0.06613536338765343,13,20155
HU09G00793,9.541696,4.687456,1.405164054904682e-21,5.435456773051793e-20,0.41176470588235253,0.019507553229451642,13,19108
HU07G02117,9.53722,3.0642204,1.4671231000563878e-21,5.667222727028401e-20,0.4460784313725485,0.04472463423337705,13,4457
HU11G01626,9.53484,2.8768516,1.5011690804745815e-21,5.782628395411461e-20,0.4656862745098033,0.06256690852860754,13,27114
HU07G00054,9.519291,4.4146843,1.7436434683838415e-21,6.698054237621308e-20,0.41176470588235253,0.018555965267039377,13,2394
HU03G00591,9.516598,3.2807512,1.7894200661010053e-21,6.864393573072113e-20,0.4509803921568622,0.054716307838706124,13,10360
HU02G03062,9.5122795,2.190511,1.8653009454941386e-21,7.145596923104963e-20,0.5147058823529405,0.09991673605328784,13,15850
HU08G01118,9.499381,3.572766,2.111411619187762e-21,8.070532562105881e-20,0.42647058823529366,0.03092660877839882,13,24262
HU10G00168,9.499324,4.3935714,2.112567744758922e-21,8.070532562105881e-20,0.41176470588235253,0.02022124420126084,13,16434
HU06G01175,9.498512,2.8227992,2.1291107414667494e-21,8.122542835568128e-20,0.4558823529411759,0.054002616866896905,13,21611
HU10G00874,9.492854,3.3840256,2.247940260651974e-21,8.564096583678915e-20,0.42647058823529366,0.02938027833947889,13,17140
HU04G00126,9.4893055,1.8984667,2.325794300292477e-21,8.848546628067469e-20,0.5882352941176461,0.1631973355537016,13,4848
HU11G01140,9.487067,3.055609,2.3762479625513787e-21,9.028114690597602e-20,0.4558823529411759,0.05840371119305376,13,26628
HU03G00361,9.479742,2.0536263,2.549123093060543e-21,9.658460243993737e-20,0.5343137254901953,0.11728321636731116,13,10130
HU11G01180,9.472003,3.3293128,2.7452731996814764e-21,1.0373317737488522e-19,0.4509803921568622,0.06006899012727527,13,26668
HU03G00737,9.461101,2.7173798,3.047187382568227e-21,1.1467264865065098e-19,0.48039215686274445,0.08029023432853545,13,10506
HU11G01479,9.435904,3.2034116,3.87639884152779e-21,1.4548297952608018e-19,0.43137254901960737,0.0354466515998572,13,26967
HU09G01102,9.430174,3.0968375,4.094093829045732e-21,1.5344553020078833e-19,0.4411764705882348,0.04579517069109088,13,19417
HU03G01134,9.4261265,2.6765678,4.255134559445777e-21,1.592660688343166e-19,0.47058823529411703,0.0712501486856192,13,10903
HU01G00687,9.421837,3.0209057,4.432656633421872e-21,1.6568696998376766e-19,0.4607843137254896,0.0668490543594626,13,7653
HU03G00623,9.412273,2.4394422,4.855191142075373e-21,1.8123650918635327e-19,0.49019607843137186,0.08802188652313488,13,10392
HU05G01468,9.411703,2.0111687,4.881601273896016e-21,1.8197743458535753e-19,0.5441176470588227,0.12430117759010141,13,1467
HU06G02010,9.402767,3.716343,5.314640667974283e-21,1.9785444151176744e-19,0.41666666666666624,0.02593077197573443,13,22446
HU01G02584,9.399689,1.8983347,5.472451474396259e-21,2.0345635608898155e-19,0.6029411764705872,0.1799690733912173,13,9550
HU03G01225,9.393846,1.8223603,5.784854100388252e-21,2.144958936821767e-19,0.6078431372549009,0.18306173426905706,13,10994
HU07G00825,9.365712,2.5168965,7.553882877411559e-21,2.794557184843931e-19,0.48529411764705815,0.0881408350184364,13,3165
HU05G00168,9.36567,2.1309402,7.556942089897055e-21,2.794557184843931e-19,0.5245098039215679,0.11573688592839128,13,167
HU04G00640,9.36453,4.7387133,7.638974610651291e-21,2.8211313026153605e-19,0.4019607843137251,0.01677173783751638,13,5362
HU02G00524,9.342239,4.3254914,9.431750085833625e-21,3.4785849551940905e-19,0.4019607843137251,0.01593909837040565,13,13312
HU07G00046,9.339788,2.6452749,9.652686657912683e-21,3.5553421574662454e-19,0.4607843137254896,0.06435113595813048,13,2386
HU02G00177,9.338306,1.9650478,9.788751017255054e-21,3.6006765180844685e-19,0.5980392156862735,0.19103128345425954,13,12965
HU09G01825,9.317627,3.4528503,1.1897168237224599e-20,4.358889842264521e-19,0.4362745098039211,0.05067205899845388,13,20140
HU04G00968,9.316401,3.0393975,1.2035355614714216e-20,4.403701688312649e-19,0.4411764705882348,0.0500773165219462,13,5690
HU08G01614,9.3062105,2.7313237,1.3247414076947855e-20,4.840804076734503e-19,0.4558823529411759,0.06209111454740139,13,24758
HU06G00401,9.303945,2.9050825,1.3532935427528398e-20,4.9386311063486855e-19,0.4509803921568622,0.057452123230641465,13,20837
HU08G00161,9.29994,3.465266,1.405249242877186e-20,5.114775295432907e-19,0.42156862745097995,0.033900321160937226,13,23305
HU07G02086,9.29823,2.3425157,1.4280332320402726e-20,5.190891440450453e-19,0.5147058823529405,0.11597478291899434,13,4426
HU01G00838,9.293883,2.3421886,1.4875997060556364e-20,5.400337414588099e-19,0.48529411764705815,0.0829071012251691,13,7804
HU11G01156,9.289964,3.712105,1.5434096549237193e-20,5.595616572458739e-19,0.41176470588235253,0.026168668966337495,13,26644
HU08G00473,9.289536,2.6484087,1.5496218686841798e-20,5.610804507566022e-19,0.4558823529411759,0.06173426906149678,13,23617
HU09G00179,9.281783,3.4495819,1.6666566826233965e-20,6.026691407113416e-19,0.41666666666666624,0.02938027833947889,13,18494
HU01G00536,9.265379,3.882382,1.943854616207321e-20,7.019896846420579e-19,0.4068627450980388,0.022243368621386903,13,7502
HU10G01778,9.243061,3.508321,2.3954510259896117e-20,8.639510299846799e-19,0.41176470588235253,0.026168668966337495,13,18044
HU02G00511,9.22593,2.0285192,2.811110763086719e-20,1.0125474936910407e-18,0.5147058823529405,0.10848102771499797,13,13299
HU05G01017,9.219759,2.1308022,2.977692872681939e-20,1.069770878547067e-18,0.5098039215686268,0.10848102771499797,13,1016
HU07G01232,9.200291,2.7207098,3.569827235031145e-20,1.279188092552827e-18,0.4509803921568622,0.06006899012727527,13,3572
HU08G02149,9.190856,3.5245626,3.8972778508175046e-20,1.3947225960312708e-18,0.41666666666666624,0.03449506363744491,13,25293
HU10G00298,9.174637,3.8439913,4.530973778932816e-20,1.6194144041069802e-18,0.41176470588235253,0.03211609373141418,13,16564
HU05G00526,9.160286,3.6704688,5.1760155373090944e-20,1.845202968216809e-18,0.41666666666666624,0.03699298203877718,13,525
HU10G00582,9.132452,2.6340473,6.696532049635627e-20,2.3841889139492186e-18,0.4558823529411759,0.06875223028428708,13,16848
HU02G00554,9.121905,2.2084227,7.381508762089298e-20,2.6246941732890602e-18,0.5098039215686268,0.11335791602236069,13,13342
HU03G02459,9.121193,2.0129433,7.430211908168483e-20,2.6386290303847998e-18,0.5588235294117638,0.16212679909598784,13,12228
HU08G01033,9.1170025,3.8956752,7.723078051812976e-20,2.7391249330822622e-18,0.4019607843137251,0.024265493041512966,13,24177
HU07G01712,9.11277,3.2068663,8.030513412860197e-20,2.844524770187453e-18,0.42647058823529366,0.044605685738075516,13,4052
HU08G00916,9.0968075,2.85255,9.302596493909889e-20,3.2909121652881476e-18,0.4362745098039211,0.05305102890448461,13,24060
HU08G02152,9.084807,2.755768,1.0388236615021156e-19,3.67028971360015e-18,0.4411764705882348,0.05804686570714915,13,25296
HU03G02112,9.074831,2.0121558,1.1385390117132102e-19,4.0123735057008745e-18,0.5147058823529405,0.11585583442369281,13,11881
HU05G02239,9.072152,2.7306638,1.1668940166096904e-19,4.107081922673828e-18,0.4460784313725485,0.06304270250981366,13,2238
HU04G00155,9.054636,1.8323324,1.370237955255996e-19,4.816672964388472e-18,0.5637254901960775,0.1551088378731976,13,4877
HU09G00226,9.040627,3.5602303,1.5577633845637274e-19,5.462018643599871e-18,0.41666666666666624,0.04282145830855247,13,18541
HU11G00617,9.031805,2.2860496,1.6886369309797091e-19,5.8985321512244626e-18,0.4999999999999993,0.11633162840489893,13,26105
HU05G00897,9.002018,2.81184,2.2160592550158778e-19,7.711719377398416e-18,0.4362745098039211,0.056381586772927636,13,896
HU05G01018,9.000194,3.295328,2.2531937928336064e-19,7.825380266423382e-18,0.42647058823529366,0.05483525633400766,13,1017
HU10G01444,9.000137,2.349578,2.2543641005488666e-19,7.825380266423382e-18,0.4999999999999993,0.12275484715118153,13,17710
HU10G01390,8.989704,2.5225906,2.478960415327046e-19,8.572813855248831e-18,0.4656862745098033,0.08683240157011958,13,17656
HU10G01340,8.978802,2.4934208,2.7373140449465277e-19,9.442712069227854e-18,0.4509803921568622,0.06827643630308096,13,17606
HU06G00207,8.969837,3.0249207,2.9695264985832755e-19,1.0231033222137535e-17,0.41176470588235253,0.0341382181515403,13,20643
HU11G01528,8.964536,3.6812925,3.1159101739255035e-19,1.0722055666727523e-17,0.4019607843137251,0.02985607232068502,13,27016
HU04G00220,8.944854,2.8923972,3.7244263002527905e-19,1.278427765315732e-17,0.4362745098039211,0.0628048055192106,13,4942
HU07G00114,8.92054,3.2124076,4.640201586125244e-19,1.577156752342937e-17,0.41176470588235253,0.038777209468300225,13,2454
HU03G00024,8.916207,2.6477613,4.825294023154396e-19,1.6380603394392554e-17,0.4460784313725485,0.06910907577019167,13,9793
HU02G00488,8.913999,3.1775038,4.922455304182546e-19,1.6690011963508915e-17,0.41176470588235253,0.03960984893541098,13,13276
HU10G00036,8.906388,2.996644,5.272225163141455e-19,1.782206344373694e-17,0.4411764705882348,0.07279647912453908,13,16302
HU09G01015,8.900744,2.4830651,5.547352925391751e-19,1.8717254669798082e-17,0.4558823529411759,0.07814916141310792,13,19330
HU04G01015,8.900601,1.754793,5.554481117934682e-19,1.8718533876782308e-17,0.5637254901960775,0.16010467467586184,13,5737
HU03G01391,8.888246,3.1293044,6.208158067805635e-19,2.0870698667950218e-17,0.41176470588235253,0.03972879743071252,13,11160
HU09G01733,8.86111,2.8975742,7.922198452513342e-19,2.6504484207534083e-17,0.4411764705882348,0.07065540620911155,13,20048
HU04G01714,8.843665,2.574954,9.262889022562396e-19,3.0878152288553854e-17,0.4411764705882348,0.06637326037825649,13,6436
HU10G00392,8.836311,2.8821847,9.893094431943018e-19,3.2899876986803314e-17,0.42647058823529366,0.056381586772927636,13,16658
HU02G00238,8.828886,3.0080311,1.0572344245668861e-18,3.5074637279141854e-17,0.42647058823529366,0.05661948376353071,13,13026
HU07G00418,8.82481,2.3328495,1.0964588079964392e-18,3.620272028545386e-17,0.4558823529411759,0.07636493398358497,13,2758
HU09G00554,8.824511,3.4788687,1.0993949135722494e-18,3.6256501697891006e-17,0.4019607843137251,0.03556560009515874,13,18869
HU07G01279,8.822558,3.4758594,1.1187409881753641e-18,3.6850690388412975e-17,0.4019607843137251,0.036041394076364884,13,3619
HU05G01561,8.810173,2.2574077,1.2495263491636313e-18,4.106115319200629e-17,0.47549019607843074,0.09622933269894042,13,1560
HU06G02610,8.804886,2.0363166,1.309859354332144e-18,4.29420203219882e-17,0.5098039215686268,0.12061377423575399,13,23046
HU08G01106,8.764239,2.8429728,1.880420080273968e-18,6.106961466791393e-17,0.42647058823529366,0.05899845366956144,13,24250
HU01G00235,8.749161,2.2574844,2.149452092498212e-18,6.956248983131612e-17,0.4999999999999993,0.13322231473771615,13,7201
HU09G02039,8.736876,2.4507537,2.3964603238087388e-18,7.728584544283183e-17,0.49509803921568557,0.1370286665873651,13,20354
HU10G01007,8.73575,2.4318862,2.4204529822685336e-18,7.796894711175119e-17,0.4656862745098033,0.09563459022243277,13,17273
HU04G01753,8.73193,2.6956701,2.5036264226678246e-18,8.055461581518807e-17,0.41666666666666624,0.04757939812061393,13,6475
HU04G00389,8.731332,2.7888477,2.5169143656940346e-18,8.088831973641257e-17,0.42156862745097995,0.05352682288569076,13,5111
HU01G01298,8.725517,2.6902926,2.649675806094008e-18,8.49581022913495e-17,0.42647058823529366,0.05840371119305376,13,8264
HU09G01369,8.720101,2.6660542,2.77953364303915e-18,8.90188979095737e-17,0.42647058823529366,0.057452123230641465,13,19684
HU08G00924,8.687307,2.2515142,3.71130516969347e-18,1.1844999871282898e-16,0.4656862745098033,0.09349351730700524,13,24068
HU07G00522,8.685327,2.7171063,3.776560673150499e-18,1.2039414973543574e-16,0.42156862745097995,0.054359462352801514,13,2862
HU10G00784,8.684144,1.7587239,3.816064968013871e-18,1.213744975778265e-16,0.5784313725490187,0.1812775068395341,13,17050
HU06G02107,8.682134,2.0989285,3.884111943110977e-18,1.233973021101752e-16,0.49019607843137186,0.11169263708813927,13,22543
HU07G00715,8.664448,2.1469173,4.5370808858958464e-18,1.438125009946529e-16,0.5147058823529405,0.14654454621148746,13,3055
HU08G01718,8.64525,2.6124148,5.368755945097828e-18,1.6978614154764908e-16,0.4509803921568622,0.08718924705602417,13,24862
HU02G01207,8.6210785,2.3405542,6.632618995670494e-18,2.0848599020433104e-16,0.4509803921568622,0.08195551326275687,13,13995
HU10G01539,8.620994,2.7256286,6.6375745213781985e-18,2.0848599020433104e-16,0.41666666666666624,0.05233733793267539,13,17805
HU11G01438,8.61267,1.6828508,7.137816963508795e-18,2.2343945088365284e-16,0.5686274509803912,0.17152373022480868,13,26926
HU08G02293,8.604589,3.0372114,7.65904105055821e-18,2.389465731577412e-16,0.4019607843137251,0.041513024860235566,13,25437
HU06G02391,8.600185,2.1134193,7.958728647498953e-18,2.4801723487458817e-16,0.48529411764705815,0.11395265849886833,13,22827
HU03G01303,8.592575,3.1464229,8.50415627316548e-18,2.644201504890635e-16,0.41666666666666624,0.0628048055192106,13,11072
HU02G01298,8.584167,2.4465718,9.149741024110917e-18,2.8385689855001825e-16,0.4362745098039211,0.07101225169501614,13,14086
HU06G02586,8.571425,2.2905488,1.0221205488037966e-17,3.1603693891943476e-16,0.4607843137254896,0.09503984774592512,13,23022
HU11G01362,8.556418,2.7306406,1.1642859610372395e-17,3.595932197034281e-16,0.41666666666666624,0.05650053526822917,13,26850
HU06G01628,8.555278,3.0722299,1.1758517848735451e-17,3.6276139325325665e-16,0.41666666666666624,0.05971214464137066,13,22064
HU07G00334,8.547582,2.5368676,1.2569419653461724e-17,3.869177070907447e-16,0.42156862745097995,0.05923635066016451,13,2674
HU02G02058,8.5304365,1.9542937,1.457962150145877e-17,4.482991156795554e-16,0.48039215686274445,0.1065778517901735,13,14846
HU02G00030,8.52743,2.7082205,1.496353235027523e-17,4.595942079013106e-16,0.42156862745097995,0.06328059950041671,13,12818
HU11G01067,8.523938,2.9871118,1.5421834534866643e-17,4.730313165369492e-16,0.43137254901960737,0.08635660758891346,13,26555
HU04G00302,8.513548,2.7982519,1.6869025490711583e-17,5.158350848785951e-16,0.41666666666666624,0.05911740216486298,13,5024
HU03G02892,8.451111,2.6837428,2.885446483686873e-17,8.717631614929784e-16,0.41176470588235253,0.054716307838706124,13,12661
HU02G01705,8.450768,2.1574135,2.893913301141206e-17,8.73369808565303e-16,0.4558823529411759,0.09040085642916547,13,14493
HU04G00771,8.449857,1.7360286,2.916611493673666e-17,8.773559628746111e-16,0.5686274509803912,0.19578922326632073,13,5493
HU09G01220,8.426854,1.6153473,3.5508276042921663e-17,1.0635227171170974e-15,0.5784313725490187,0.19019864398714884,13,19535
HU04G01832,8.410892,2.4879725,4.0690510920621663e-17,1.2134960434230556e-15,0.42156862745097995,0.06411323896752742,13,6554
HU11G00460,8.39788,2.5322514,4.5461232713350855e-17,1.3514118856428574e-15,0.4460784313725485,0.09682407517544807,13,25948
HU09G01472,8.379694,2.1879518,5.306533339516001e-17,1.572400664225174e-15,0.4460784313725485,0.08385868918758134,13,19787
HU10G01948,8.36044,1.8911167,6.248476924690078e-17,1.84363305857744e-15,0.5098039215686268,0.14178660639942628,13,18214
HU11G00947,8.351817,1.8418965,6.722041424176098e-17,1.9770500413523234e-15,0.5539215686274501,0.1956702747710192,13,26435
HU11G01337,8.346901,1.8318385,7.007759423849699e-17,2.056721773761602e-15,0.49019607843137186,0.12097061972165858,13,26825
HU05G02241,8.340003,1.6912923,7.428879621321077e-17,2.1734174714909288e-15,0.5245098039215679,0.14773403116450276,13,2240
HU11G01043,8.324668,2.837314,8.45656216892087e-17,2.4662749921663545e-15,0.4019607843137251,0.05245628642797693,13,26531
HU03G02806,8.297575,2.1639009,1.0625816436561921e-16,3.07948818043934e-15,0.4411764705882348,0.08326394671107369,13,12575
HU08G01783,8.294468,1.8644538,1.0907230669280527e-16,3.1544529990875436e-15,0.539215686274509,0.17747115498988517,13,24927
HU06G01425,8.28301,2.6456065,1.2010095130124327e-16,3.466180941040564e-15,0.41176470588235253,0.06304270250981366,13,21861
HU06G02021,8.274815,2.37364,1.2865571192144474e-16,3.70152092338306e-15,0.42156862745097995,0.06815748780777943,13,22457
HU03G00202,8.265237,2.8493247,1.3941718300795998e-16,3.990439185475511e-15,0.41666666666666624,0.07660283097418803,13,9971
HU01G00880,8.241222,2.1188073,1.7045947792081958e-16,4.848916533470698e-15,0.4607843137254896,0.10407993338884138,13,7846
HU02G02638,8.208144,1.849641,2.246334983432625e-16,6.337955316938337e-15,0.48529411764705815,0.12287379564648306,13,15426
HU11G01155,8.185484,2.6185513,2.7121236474281166e-16,7.605738054744067e-15,0.4019607843137251,0.05650053526822917,13,26643
HU04G01267,8.184187,2.6131208,2.741488745141331e-16,7.680322257221699e-15,0.4068627450980388,0.06256690852860754,13,5989
HU07G00963,8.180438,1.8127363,2.828130261673728e-16,7.915054773715524e-15,0.4558823529411759,0.09277982633519606,13,3303
HU03G01861,8.179726,2.016727,2.8449047369693035e-16,7.953975088693914e-15,0.4558823529411759,0.09967883906268478,13,11630
HU03G02911,8.178557,2.1744485,2.8726274198766034e-16,8.023395920471058e-15,0.4509803921568622,0.09920304508147866,13,12680
HU04G00129,8.168353,2.2214816,3.126285756496079e-16,8.696844077875502e-15,0.4411764705882348,0.09087665041037159,13,4851
HU09G00507,8.143483,2.1205423,3.840657971004627e-16,1.0609626377073042e-14,0.4460784313725485,0.09539669323182971,13,18822
HU04G01846,8.129459,2.6977596,4.3120940043307677e-16,1.190009225971282e-14,0.42156862745097995,0.0840965861781844,13,6568
HU05G01628,8.129289,2.4113345,4.3181815989484742e-16,1.19050463863654e-14,0.41666666666666624,0.07136909718092073,13,1627
HU08G01320,8.124201,2.5889034,4.503212859282967e-16,1.2402840978372699e-14,0.4019607843137251,0.05935529915546605,13,24464
HU05G00822,8.072466,2.663816,6.8892387778000485e-16,1.8714303379263893e-14,0.4019607843137251,0.06351849649101977,13,821
HU07G00210,8.049406,2.6171079,8.319658160845191e-16,2.2467937594064402e-14,0.4019607843137251,0.06256690852860754,13,2550
HU03G00570,8.048366,2.0514283,8.39067263275364e-16,2.2637675629321225e-14,0.4607843137254896,0.11169263708813927,13,10339
HU10G00853,8.044675,2.0501485,8.647479679142318e-16,2.330785703605561e-14,0.4411764705882348,0.09349351730700524,13,17119
HU02G00333,8.042124,1.6397325,8.829473640483184e-16,2.376881137819413e-14,0.5343137254901953,0.17128583323420563,13,13121
HU06G01656,8.042038,1.941104,8.835638915059725e-16,2.376881137819413e-14,0.47058823529411703,0.12097061972165858,13,22092
HU06G02461,8.033231,2.5655077,9.493910251576728e-16,2.551488380111246e-14,0.42156862745097995,0.08481027714999358,13,22897
HU05G01392,8.000864,2.1763277,1.2354882330198193e-15,3.301181709326078e-14,0.42156862745097995,0.07779231592720333,13,1391
HU05G00882,7.962926,1.9560926,1.680182436334633e-15,4.4465515144791076e-14,0.47549019607843074,0.13238967527060544,13,881
HU05G00130,7.9615293,1.6600133,1.6992609007720518e-15,4.492755107999319e-14,0.504901960784313,0.14499821577256758,13,129
HU08G01181,7.9275384,2.3846,2.235325908319644e-15,5.876470527700979e-14,0.4019607843137251,0.06447008445343201,13,24325
HU07G02194,7.8862934,2.0752113,3.112945494918176e-15,8.1144307614244e-14,0.4068627450980388,0.06554062091114578,13,4534
HU01G02133,7.8620224,2.1896834,3.77980787632327e-15,9.77008121619999e-14,0.41176470588235253,0.07410491257285591,13,9099
HU06G00546,7.855338,2.0310662,3.986950828433702e-15,1.0295910728734519e-13,0.47058823529411703,0.1358391816343498,13,20982
HU09G01888,7.8123546,1.5229778,5.612947737901314e-15,1.4401027336789355e-13,0.539215686274509,0.176757464018076,13,20203
HU11G01739,7.8120837,2.4857903,5.625023218283844e-15,1.4418670883466028e-13,0.41176470588235253,0.08385868918758134,13,27227
HU01G02226,7.7919455,1.7398899,6.5985120228974e-15,1.6867256309222064e-13,0.4509803921568622,0.10503152135125361,13,9192
HU10G01986,7.7907486,1.9436561,6.661339742355655e-15,1.6996527852275445e-13,0.4460784313725485,0.10848102771499797,13,18252
HU07G02266,7.7859454,1.4064752,6.919372365652113e-15,1.7638675786889832e-13,0.5686274509803912,0.1980492446770498,13,4606
HU05G01599,7.7747865,1.8861526,7.557485002580839e-15,1.919476616726919e-13,0.42647058823529366,0.08599976210300887,13,1598
HU04G00729,7.740938,1.7616355,9.86859643078039e-15,2.4859720436666133e-13,0.5147058823529405,0.18353752825026318,13,5451
HU05G00552,7.721869,1.5683814,1.1463616774827101e-14,2.8773159389124855e-13,0.5294117647058816,0.18092066135362952,13,551
HU08G01957,7.7214413,2.175062,1.1502142977249609e-14,2.88176996814831e-13,0.41176470588235253,0.08124182229094769,13,25101
HU07G00926,7.6907144,1.7266129,1.4631578180176048e-14,3.652626650109655e-13,0.4558823529411759,0.11478529796597904,13,3266
HU01G00883,7.6793985,2.5314476,1.598375134610363e-14,3.9865948164045343e-13,0.4019607843137251,0.0820744617580584,13,7849
HU05G02106,7.6744103,1.8503585,1.661815433383229e-14,4.1336727394514674e-13,0.4509803921568622,0.11775901034851728,13,2105
HU08G00266,7.6702914,1.6787114,1.7160609289342426e-14,4.2647804537626546e-13,0.4656862745098033,0.12263589865588,13,23410
HU04G01132,7.6659017,2.3106577,1.7757906166515688e-14,4.409270613503246e-13,0.4019607843137251,0.07612703699298191,13,5854
HU01G02166,7.6264954,2.121291,2.412218191677438e-14,5.936368371443987e-13,0.4068627450980388,0.07874390388961557,13,9132
HU01G02419,7.5343,2.2827363,4.9096266408959046e-14,1.183045133668531e-12,0.42647058823529366,0.11359581301296375,13,9385
HU10G00690,7.5107985,2.1507325,5.876789888185975e-14,1.4111927926306323e-12,0.42156862745097995,0.10324729392173067,13,16956
HU07G00289,7.4800143,1.7168943,7.431461716290574e-14,1.776824057769992e-12,0.4460784313725485,0.11514214345188363,13,2629
HU04G00170,7.4119473,2.0466378,1.2445847749220533e-13,2.9178832402758367e-12,0.4607843137254896,0.15094564053764406,13,4892
HU06G00853,7.402897,1.6542866,1.3324503889713438e-13,3.110733294454564e-12,0.4509803921568622,0.12263589865588,13,21289
HU02G00350,7.3941607,1.6894951,1.4230429052134013e-13,3.308306368490669e-12,0.49509803921568557,0.16855001784227044,13,13138
HU07G02045,7.392023,1.6906143,1.4461165967151613e-13,3.3591326473948907e-12,0.4362745098039211,0.10824313072439491,13,4385
HU02G01436,7.318939,1.9521501,2.499390366561349e-13,5.6866769332714535e-12,0.48039215686274445,0.18151540383013717,13,14224
HU10G01369,7.2765255,1.3551437,3.4252766174586586e-13,7.66129411171096e-12,0.5245098039215679,0.17866063994290046,13,17635
HU06G00601,7.2754564,1.5204523,3.452509327343278e-13,7.715982771463805e-12,0.4460784313725485,0.11906744379683411,13,21037
HU02G01275,7.2626014,1.8742789,3.7971599791444133e-13,8.45897445956388e-12,0.41666666666666624,0.10181991197811231,13,14063
HU06G01029,7.2053227,2.206373,5.790647762191221e-13,1.2705982253510562e-11,0.4019607843137251,0.09718092066135266,13,21465
HU11G00494,7.1683817,1.4599459,7.588934956909825e-13,1.653410141633103e-11,0.4607843137254896,0.1326275722612085,13,25982
HU10G00023,7.163223,1.5642143,7.880216111162097e-13,1.7114940786458945e-11,0.4607843137254896,0.1375044605685712,13,16289
HU02G00040,7.139579,1.4687476,9.361733132073533e-13,2.015898046724064e-11,0.49019607843137186,0.1679552753657628,13,12828
HU09G01765,7.008618,1.6873637,2.406835399640361e-12,5.038006023322673e-11,0.4068627450980388,0.09848935410966948,13,20080
HU08G00675,6.9909883,1.735544,2.7295629762676063e-12,5.679251999008407e-11,0.41666666666666624,0.11074104912572703,13,23819
HU08G00364,6.978048,1.5617324,2.993100782901096e-12,6.218250952341715e-11,0.42647058823529366,0.11490424646128057,13,23508
HU02G02018,6.973601,1.6949749,3.089292647280497e-12,6.413288291341661e-11,0.4019607843137251,0.09527774473652818,13,14806
HU02G02366,6.9607315,1.7816693,3.3851011771240787e-12,7.001176819353939e-11,0.4019607843137251,0.09967883906268478,13,15154
HU11G01032,6.9525228,1.5179193,3.588115377879378e-12,7.398987361002569e-11,0.42156862745097995,0.1106221006304255,13,26520
HU04G00206,6.9522233,1.6499083,3.5957381767307413e-12,7.409197498635002e-11,0.4019607843137251,0.09515879624122665,13,4928
HU02G02931,6.9426174,1.440264,3.84900724755062e-12,7.913433358844807e-11,0.4558823529411759,0.14059712144641098,13,15719
HU07G01350,6.9336386,1.6270678,4.101512669492019e-12,8.407646259302375e-11,0.41666666666666624,0.1106221006304255,13,3690
HU11G00187,6.8706026,1.7756602,6.393128494350218e-12,1.2867446936923315e-10,0.4068627450980388,0.10836207921969644,13,25675
HU04G01535,6.8440084,1.5761995,7.700735397472977e-12,1.5365460161792304e-10,0.4411764705882348,0.13798025454977733,13,6257
HU01G01973,6.8159466,1.365048,9.36451540391425e-12,1.852530918170911e-10,0.4656862745098033,0.15165933150945324,13,8939
HU06G00807,6.8022933,1.2452701,1.029667963726771e-11,2.025378792479574e-10,0.48039215686274445,0.1591530867134496,13,21243
HU02G01222,6.79769,1.721659,1.0631005289767546e-11,2.0852258254010107e-10,0.4019607843137251,0.10396098489353985,13,14010
HU04G01093,6.7716374,1.4590315,1.2733303603343895e-11,2.481786194228693e-10,0.4558823529411759,0.15225407398596089,13,5815
HU02G03209,6.745984,1.4174044,1.519935078873595e-11,2.93970707200552e-10,0.42647058823529366,0.12287379564648306,13,15997
HU09G00575,6.722753,1.4181477,1.783224152325821e-11,3.429800406709892e-10,0.42647058823529366,0.12085167122635705,13,18890
HU03G01055,6.6893325,1.5529522,2.2419077458421045e-11,4.2676260350673143e-10,0.4068627450980388,0.11002735815391786,13,10824
HU08G00238,6.684045,1.5023389,2.3243525952223016e-11,4.415473919759626e-10,0.4068627450980388,0.10883787320090256,13,23382
HU05G00107,6.672572,1.2991595,2.5135816349903446e-11,4.765152880824143e-10,0.4509803921568622,0.142619245866537,13,106
HU03G00663,6.6537313,1.5987306,2.857542260233182e-11,5.380443624410543e-10,0.42647058823529366,0.1322707267753039,13,10432
HU08G01571,6.649242,1.3775755,2.94606435609308e-11,5.535846539040757e-10,0.4558823529411759,0.15332461044367465,13,24715
HU06G00387,6.602168,1.3774327,4.051883249718011e-11,7.504820882067488e-10,0.48529411764705815,0.18532175567978612,13,20823
HU02G02868,6.596809,1.096331,4.2010099035064514e-11,7.757324212633251e-10,0.4999999999999993,0.17711430950398058,13,15656
HU02G00200,6.583113,1.5355759,4.606985273471054e-11,8.467510706409522e-10,0.4019607843137251,0.1097894611633148,13,12988
HU08G00778,6.5606804,1.6170157,5.356275346264096e-11,9.786317307551694e-10,0.41176470588235253,0.12394433210419682,13,23922
HU02G01509,6.5513453,1.2388647,5.7020938972243825e-11,1.0383951033454908e-09,0.47058823529411703,0.16176995361008326,13,14297
HU08G01733,6.4913025,1.2821376,8.509754457880565e-11,1.5286142479878073e-09,0.4411764705882348,0.14131081241822016,13,24877
HU08G01642,6.484647,1.2467985,8.893998947747279e-11,1.5966023353771571e-09,0.4460784313725485,0.1454740097537737,13,24786
HU02G00567,6.468813,1.507055,9.877589696381117e-11,1.7663117358422327e-09,0.4019607843137251,0.11490424646128057,13,13355
HU04G01984,6.447563,2.0324552,1.1366280520288962e-10,2.020793527116759e-09,0.42647058823529366,0.16664684191744597,13,6706
HU01G02668,6.368123,1.3654542,1.9135540026882512e-10,3.321177738708301e-09,0.41666666666666624,0.12775068395384578,13,9634
HU03G00799,6.2388153,1.3758162,4.408967184278746e-10,7.4426478914163736e-09,0.41176470588235253,0.13084334483168555,13,10568
HU03G01624,6.104805,1.2656618,1.0292640708443698e-09,1.6772408345986248e-08,0.4460784313725485,0.16688473890804903,13,11393
HU08G00534,6.081674,1.3145715,1.1893425005055568e-09,1.9301588210369583e-08,0.4068627450980388,0.1310812418222886,13,23678
HU09G01985,5.991787,1.2236428,2.075474591931217e-09,3.2930942681471563e-08,0.4019607843137251,0.12751278696324272,13,20300
HU09G00021,5.9308743,1.22956,3.0132547742915355e-09,4.713627815283459e-08,0.42647058823529366,0.15522778636849913,13,18336
HU07G01304,5.926898,1.3324803,3.0871019361312297e-09,4.820989425596828e-08,0.4411764705882348,0.17414059712144234,13,3644
HU05G00400,5.8929358,1.0285639,3.793935711504393e-09,5.852325192356749e-08,0.4460784313725485,0.16343523254430467,13,399
HU06G01251,5.8057857,1.057984,6.406493730629128e-09,9.693622674249803e-08,0.42647058823529366,0.1495182585940257,13,21687
HU04G00149,5.785961,1.0999612,7.209890089098571e-09,1.0850043495450292e-07,0.41176470588235253,0.14273819436183852,13,4871
HU01G02209,5.75921,1.1199033,8.450838067746096e-09,1.2676257101619145e-07,0.41666666666666624,0.1478529796598043,13,9175
HU10G01378,5.639124,1.0080607,1.7091773730498478e-08,2.4923256804173253e-07,0.41176470588235253,0.14559295824907523,13,17644
HU05G00700,5.605746,1.1301565,2.073602085138288e-08,2.996943920339261e-07,0.4411764705882348,0.18020697038182035,13,699
HU03G00035,5.526234,1.1306015,3.271770900700682e-08,4.62500336039416e-07,0.4068627450980388,0.15011300107053335,13,9804
HU07G01106,5.5042295,1.0303396,3.707865368160274e-08,5.202543437113633e-07,0.42156862745097995,0.16224574759128937,13,3446
HU03G01189,5.4719343,1.0077536,4.4514923449251304e-08,6.176195106878365e-07,0.4460784313725485,0.1844891162126754,13,10958
HU11G00278,5.0690618,1.2635342,3.9978179541449785e-07,5.035398771944186e-06,0.4019607843137251,0.18092066135362952,13,25766
HU01G02711,22.011105,4.725902,2.2543465224218035e-107,1.2504860159873743e-103,0.8146964856230057,0.19100988189925647,14,9677
HU10G00887,19.416868,4.7633204,5.55769526756575e-84,7.707133912296803e-81,0.709265175718851,0.12569293805736467,14,17153
HU02G00171,18.636639,4.4335337,1.621130474964916e-77,1.450388829779095e-74,0.7060702875399372,0.15112075198843325,14,12959
HU09G01857,18.476738,4.4707937,3.178230987932754e-76,2.5925951897151455e-73,0.6869009584664545,0.14196191853458864,14,20172
HU01G02529,18.049963,3.84569,7.894312292398834e-73,5.213065510230515e-70,0.709265175718851,0.17980236201494662,14,9495
HU06G02688,18.005005,3.9927316,1.779820673805318e-72,1.14798433460443e-69,0.693290734824282,0.19534827669318286,14,23124
HU04G00030,16.143599,4.7511363,1.2597689258542413e-58,5.214879277398117e-56,0.5846645367412135,0.07387322246324388,14,4752
HU03G01818,16.049421,4.1652193,5.769951637409317e-58,2.3533765979933444e-55,0.6038338658146962,0.11219570980959367,14,11587
HU11G00570,15.769807,3.7952373,5.020272592993231e-56,1.9610881741784123e-53,0.6102236421725238,0.1366594360086786,14,26058
HU06G00205,15.666411,3.7546864,2.5666855365557083e-55,9.887086577273968e-53,0.6198083067092651,0.14220294046758455,14,20641
HU03G01776,15.427146,5.051161,1.075212377297848e-53,3.774812061310862e-51,0.549520766773162,0.060858038081464796,14,11545
HU09G01453,15.416375,3.6459072,1.2703719030865317e-53,4.40422059151312e-51,0.6102236421725238,0.16654615570017153,14,19768
HU01G00713,15.257599,4.567366,1.4654311954857272e-52,4.671693586988121e-50,0.5559105431309895,0.07037840443480317,14,7679
HU01G01850,14.727149,3.6959908,4.3152754694167044e-49,1.1619821858667213e-46,0.578274760383386,0.12545191612436876,14,8816
HU10G00886,13.779676,3.7600217,3.3778155189926715e-43,7.097251016610738e-41,0.5335463258785931,0.10797782598216524,14,17152
HU03G00803,13.60457,4.454606,3.761718513705953e-42,7.505846257383786e-40,0.4984025559105415,0.06676307543986451,14,10572
HU08G01810,13.536844,4.097101,9.477371543001387e-42,1.864219147128677e-39,0.5079872204472828,0.07953723788864778,14,24954
HU11G01431,13.449742,3.4165697,3.0894507626493383e-41,5.909373579453751e-39,0.5463258785942482,0.13726199084116839,14,26919
HU02G00264,13.312993,4.0088425,1.945294564328348e-40,3.6209895799762903e-38,0.5047923322683691,0.0913473126054474,14,13052
HU02G00040,13.299965,3.820204,2.3157841782071957e-40,4.281884945505105e-38,0.5335463258785931,0.16208724993974719,14,12828
HU02G01706,12.748728,3.1875372,3.168759907766179e-37,5.200328759875443e-35,0.5399361022364206,0.15750783321282488,14,14494
HU04G01786,12.634213,4.4777746,1.3675477806831604e-36,2.179824005588934e-34,0.47603833865814543,0.09050373583996171,14,6508
HU03G00789,12.374195,2.804733,3.604920437737633e-35,5.262235175823855e-33,0.5463258785942482,0.1971559411906522,14,10558
HU08G00372,12.348242,2.9463553,4.978787117903545e-35,7.192013578909105e-33,0.5335463258785931,0.16293082670523287,14,23516
HU08G01120,12.208283,3.6359634,2.8074861619106676e-34,3.835745256186816e-32,0.4856230031948866,0.10400096408773271,14,24264
HU03G02448,12.142723,3.7255793,6.270380694023421e-34,8.442184881006776e-32,0.4728434504792317,0.10207278862376543,14,12217
HU10G01002,11.884847,3.161819,1.4189477480647615e-32,1.8389960650736523e-30,0.4952076677316278,0.14702337912750277,14,17268
HU0G00137,11.83953,2.9053967,2.4381516752524837e-32,3.1306544774596126e-30,0.5175718849840242,0.1847433116413628,14,27564
HU07G01943,11.647677,3.239415,2.3579742215828587e-31,2.8683515366491487e-29,0.49201277955271405,0.14027476500361727,14,4283
HU08G00586,11.357178,3.2817612,6.831639184086964e-30,7.82956664341537e-28,0.46645367412140426,0.12376476259339739,14,23730
HU07G01882,11.253608,3.8781064,2.223092899114894e-29,2.456473368802852e-27,0.42492012779552585,0.0641118341769095,14,4222
HU04G01984,10.986061,2.9229567,4.459668364921248e-28,4.5810704481885485e-26,0.4856230031948866,0.1610026512412656,14,6706
HU09G00512,10.952256,2.8356419,6.481305132300249e-28,6.633173352189942e-26,0.4952076677316278,0.19703543022415423,14,18827
HU05G00315,10.950935,3.098105,6.57647779283195e-28,6.705831308242432e-26,0.4600638977635768,0.13461074957821337,14,314
HU11G01396,10.913274,2.820052,9.960337685610872e-28,1.0119046363018957e-25,0.4824281150159729,0.15292841648590258,14,26884
HU0G00139,10.831118,2.6937897,2.451448739418451e-27,2.436950924292858e-25,0.4856230031948866,0.1836587129428812,14,27566
HU03G00570,10.697553,3.2677953,1.0450169774892166e-26,1.016966521777664e-24,0.434504792332267,0.10809833694866319,14,10339
HU0G00116,10.677309,3.0584793,1.2998505188640995e-26,1.2605368580662866e-24,0.45047923322683564,0.13690045794167452,14,27526
HU06G00471,10.552847,3.5240273,4.9280799294826634e-26,4.7294220361315464e-24,0.41214057507987095,0.07869366112316209,14,20907
HU02G01436,10.52606,2.6802247,6.551987212414561e-26,6.2446517297703726e-24,0.47923322683705916,0.17763316461798342,14,14224
HU06G02306,10.512139,3.014394,7.595073059073686e-26,7.189397655065143e-24,0.45367412140574936,0.13906965533863772,14,22742
HU11G00445,10.442722,2.8014703,1.5820751957565274e-25,1.4774025439160702e-23,0.4600638977635768,0.13593637020969088,14,25933
HU11G01223,10.419248,2.497819,2.0254957508080372e-25,1.878833600289663e-23,0.49201277955271405,0.18992528320077487,14,26711
HU02G03072,10.402767,2.9247422,2.4083499789701807e-25,2.226519555557932e-23,0.44089456869009447,0.11424439624005892,14,15860
HU04G01751,10.330385,2.4930625,5.135370279931577e-25,4.65455865078112e-23,0.48881789137380033,0.1747409014220325,14,6473
HU02G00260,10.1634445,2.3596087,2.8869430357648613e-24,2.558126680413368e-22,0.4856230031948866,0.19438418896119922,14,13048
HU08G01266,10.036851,2.7422018,1.0497166928443704e-23,8.930641863815524e-22,0.4568690095846631,0.15726681127982897,14,24410
HU03G00367,10.027841,2.598522,1.1500366131084552e-23,9.694913515064743e-22,0.46325878594249054,0.15786936611231875,14,10136
HU02G00305,10.007088,3.134255,1.4186728779191187e-23,1.1887278631144036e-21,0.41214057507987095,0.10508556278621431,14,13093
HU0G00131,9.986322,2.6529799,1.7495175358035935e-23,1.448443846433214e-21,0.45047923322683564,0.1658230899011838,14,27558
HU02G01258,9.90163,2.7378848,4.0954386993420117e-23,3.330996842412044e-21,0.4313099041533533,0.12484936129187899,14,14046
HU05G00459,9.87973,2.9382255,5.096986055799025e-23,4.121425896722622e-21,0.4153354632587847,0.10412147505423067,14,458
HU11G00285,9.866111,2.9062905,5.838447259943328e-23,4.680038576720468e-21,0.4185303514376984,0.1161725717040262,14,25773
HU08G00014,9.849863,2.8237343,6.863765198771239e-23,5.486067083225369e-21,0.42492012779552585,0.11918534586647508,14,23158
HU04G00611,9.780584,2.657032,1.3642027336368313e-22,1.0748909891311794e-20,0.44089456869009447,0.15413352615088213,14,5333
HU03G00072,9.585732,2.949516,9.1803756841748e-22,6.956768295098034e-20,0.4025559105431298,0.09845745962882677,14,9841
HU08G00358,9.539756,2.9244905,1.4316921052571133e-21,1.0674188317017752e-19,0.4153354632587847,0.1172571704025078,14,23502
HU07G00927,9.518308,2.4237978,1.760224442857042e-21,1.3053429123700551e-19,0.45367412140574936,0.17570498915401614,14,3267
HU0G00040,9.455781,2.8503253,3.2061901437454558e-21,2.327845121381681e-19,0.41214057507987095,0.1318389973487604,14,27604
HU08G00997,9.034808,2.3059797,1.6429024342740835e-19,1.0874916232599452e-17,0.44089456869009447,0.1952277657266849,14,24141
HU08G01761,8.926131,2.4016025,4.411671980839956e-19,2.825813450083053e-17,0.42811501597443957,0.17462039045553454,14,24905
HU06G02172,8.595456,2.0822434,8.293471478057089e-18,5.033247952820861e-16,0.4472843450479219,0.19004579416727282,14,22608
HU04G00967,8.488597,2.2640743,2.0914604188602972e-17,1.223769086858446e-15,0.42492012779552585,0.18112798264642413,14,5689
HU09G00169,7.9490685,2.1489038,1.8791879936326288e-15,9.705638548119358e-14,0.4025559105431298,0.16184622800675127,14,18484
HU03G02769,6.461537,9.296391,1.0364476949182453e-10,2.4058554395210753e-07,0.9999999999999997,0.01965802023961849,15,12538
HU06G01801,6.460999,9.403388,1.0401396096770032e-10,2.4058554395210753e-07,0.9999999999999997,0.01802954519018262,15,22237
HU06G02555,6.458417,7.62238,1.05804051638897e-10,2.4058554395210753e-07,0.9999999999999997,0.1419099685936984,15,22991
HU04G01751,6.450132,6.889,1.1175296114040841e-10,2.4058554395210753e-07,0.9999999999999997,0.18483191811097366,15,6473
HU03G01862,6.4384036,7.7500234,1.2073656641585097e-10,2.4058554395210753e-07,0.9999999999999997,0.07700360590903825,15,11631
HU03G01381,6.4342074,6.8259606,1.2411932411076375e-10,2.4058554395210753e-07,0.9999999999999997,0.11678492497382996,15,11150
HU03G02543,6.4300113,7.783198,1.2759465967099067e-10,2.4058554395210753e-07,0.9999999999999997,0.06409212515993919,15,12312
HU06G01800,6.4253845,7.6168685,1.3153671119647337e-10,2.4058554395210753e-07,0.9999999999999997,0.08956612771897247,15,22236
HU08G00372,6.416669,6.2264266,1.3928830741340215e-10,2.4058554395210753e-07,0.9999999999999997,0.17506106781435815,15,23516
HU04G00170,6.4141407,6.7677636,1.4161958480861011e-10,2.4058554395210753e-07,0.9999999999999997,0.1569152029777865,15,4892
HU10G00932,6.393697,7.7376223,1.619221520447611e-10,2.4058554395210753e-07,0.9999999999999997,0.03943236012562523,15,17198
HU02G01706,6.373845,6.6647444,1.8434654385389918e-10,2.4058554395210753e-07,0.9999999999999997,0.17005932301966212,15,14494
HU10G00606,6.363247,6.212903,1.9753267920370405e-10,2.4058554395210753e-07,0.9999999999999997,0.18029545190183074,15,16872
HU09G00214,6.3574905,7.465386,2.0507632071228373e-10,2.4058554395210753e-07,0.9999999999999997,0.03408165639176468,15,18529
HU06G00852,6.3551774,6.4185953,2.0818651721112604e-10,2.4058554395210753e-07,0.9999999999999997,0.16947772478772072,15,21288
HU04G00141,6.3382306,6.872284,2.324187688173663e-10,2.5784538212598617e-07,0.9999999999999997,0.07130394323601254,15,4863
HU10G00495,6.331667,6.70562,2.4252618591650764e-10,2.5871014486132076e-07,0.9999999999999997,0.08433174363149988,15,16761
HU04G00823,6.3174644,6.3405914,2.6588975260188413e-10,2.6316271437865145e-07,0.9999999999999997,0.11934395719437212,15,5545
HU06G02172,6.262859,5.6319876,3.7798298160360595e-10,2.995245141364574e-07,0.9999999999999997,0.19809235779923756,15,22608
HU07G02077,6.258017,5.8354464,3.8990364368835317e-10,3.0038826549156875e-07,0.9999999999999997,0.15668256368500993,15,4417
HU09G01358,6.2427917,6.6197867,4.298287026821944e-10,3.0289685360482945e-07,0.9999999999999997,0.04664417820169815,15,19673
HU04G01716,6.2369814,5.856149,4.4609439875656035e-10,3.0289685360482945e-07,0.9999999999999997,0.13888565778760312,15,6438
HU05G01921,6.2169685,6.020393,5.068513764557635e-10,3.195986707336193e-07,0.9999999999999997,0.09887169943003486,15,1920
HU10G00524,6.2169147,5.5751824,5.07025113116252e-10,3.195986707336193e-07,0.9999999999999997,0.15435617075724434,15,16790
HU07G00927,6.2100825,5.803308,5.295685810972454e-10,3.263907688162689e-07,0.9999999999999997,0.18448295917180882,15,3267
HU08G00358,6.2063704,6.065003,5.422236582545782e-10,3.269255035150158e-07,0.9999999999999997,0.12667209491683373,15,23502
HU02G00549,6.173069,6.3493457,6.697702628683005e-10,3.715215648130463e-07,0.9999999999999997,0.06176573223217363,15,13337
HU08G01535,6.142081,5.930333,8.144738149614603e-10,4.248636550311082e-07,0.9999999999999997,0.0801442363615218,15,24679
HU11G00828,6.1418657,5.7004447,8.155782608495712e-10,4.248636550311082e-07,0.9999999999999997,0.12283354658602051,15,26316
HU06G00450,6.136701,5.8640494,8.425275293568038e-10,4.248636550311082e-07,0.9999999999999997,0.08398278469233504,15,20886
HU07G01211,6.119593,5.5564184,9.381465043220694e-10,4.486119534029758e-07,0.9999999999999997,0.07839944166569761,15,3551
HU04G00611,5.958466,4.9498415,2.5461636062397353e-09,1.0699673881675615e-06,0.9999999999999997,0.1631964638827536,15,5333
HU10G00298,5.9294686,7.5175037,3.039164332530099e-09,1.2016765400099549e-06,0.9285714285714283,0.03966499941840178,15,16564
HU05G00064,5.9278545,7.5378113,3.069178010290823e-09,1.2016765400099549e-06,0.9285714285714283,0.027800395486797837,15,63
HU07G01882,5.9274783,6.82586,3.076222619098857e-09,1.2016765400099549e-06,0.9285714285714283,0.07584040944515545,15,4222
HU09G01927,5.8891196,7.044379,3.882580781225422e-09,1.4956024717678763e-06,0.9285714285714283,0.03210422240316404,15,20242
HU08G00278,5.873787,6.8702435,4.259502670503133e-09,1.5964500887351944e-06,0.9285714285714283,0.06304524834244467,15,23422
HU08G00586,5.8662014,4.890041,4.458918138393745e-09,1.630380957534202e-06,0.9999999999999997,0.13481447016401332,15,23730
HU04G00789,5.8658786,6.730911,4.467602407521159e-09,1.630380957534202e-06,0.9285714285714283,0.057578224962195806,15,5511
HU02G01436,5.858239,5.7110734,4.678001710916067e-09,1.6849919149643782e-06,0.9285714285714283,0.18739095033151582,15,14224
HU10G00677,5.8403783,6.4252253,5.208245551640477e-09,1.8296711124344365e-06,0.9285714285714283,0.061533092939397085,15,16943
HU10G00259,5.8275204,6.4452653,5.625700316012566e-09,1.9503599783076067e-06,0.9285714285714283,0.0663021984413165,15,16525
HU09G00920,5.7995987,6.2219667,6.647375153090579e-09,2.276110492234163e-06,0.9285714285714283,0.055949749912759986,15,19235
HU07G00159,5.786741,5.8843656,7.176511491590269e-09,2.4273237343811724e-06,0.9285714285714283,0.07281609863906018,15,2499
HU07G00385,5.783513,5.906073,7.31565119020623e-09,2.444573322414094e-06,0.9285714285714283,0.08502966150982956,15,2725
HU07G00998,5.773614,5.832343,7.758902344101216e-09,2.5618232918291335e-06,0.9285714285714283,0.11085262300802769,15,3338
HU07G00076,5.758927,5.7591085,8.465026026852377e-09,2.7620881982911845e-06,0.9285714285714283,0.11992555542631352,15,2416
HU03G01134,5.72611,5.5858903,1.0275965520440875e-08,3.288389620049712e-06,0.9285714285714283,0.07932999883680385,15,10903
HU09G01825,5.7254643,5.92798,1.0315121577224623e-08,3.288389620049712e-06,0.9285714285714283,0.05839246248691372,15,20140
HU08G01659,5.69609,5.531665,1.2258597718009317e-08,3.863547814874868e-06,0.9285714285714283,0.11992555542631352,15,24803
HU06G00617,5.6823716,5.5659323,1.3283960792057025e-08,4.1324950513339865e-06,0.9285714285714283,0.1009654530650239,15,21053
HU07G02148,5.6807575,5.6745796,1.340993526663273e-08,4.1324950513339865e-06,0.9285714285714283,0.06327788763522123,15,4488
HU06G02306,5.658431,5.270194,1.5276288350219764e-08,4.655910520805991e-06,0.9285714285714283,0.14923810631616002,15,22742
HU08G01266,5.640678,5.2819104,1.693821485217206e-08,4.898145579097378e-06,0.9285714285714283,0.16691869256717856,15,24410
HU04G00430,5.6405163,5.5247,1.6954100436032027e-08,4.898145579097378e-06,0.9285714285714283,0.08572757938815924,15,5152
HU04G01643,5.6212025,5.5581226,1.896327143353829e-08,5.422127146486438e-06,0.9285714285714283,0.10596719785971993,15,6365
HU08G01749,5.5976925,5.189998,2.1722345674373442e-08,6.085548053320681e-06,0.9285714285714283,0.1050366406886137,15,24893
HU07G01659,5.5867176,4.9375854,2.3140142913407673e-08,6.4179186370336185e-06,0.9285714285714283,0.12934744678376417,15,3999
HU01G02419,5.560034,5.1367364,2.697227526547132e-08,7.406693608790565e-06,0.9285714285714283,0.11969291613353696,15,9385
HU08G00289,5.5410967,4.887781,3.00583570545986e-08,8.093869251546526e-06,0.9285714285714283,0.1684308479702262,15,23433
HU02G03072,5.5244727,5.1065516,3.3047663407829874e-08,8.729304234439633e-06,0.9285714285714283,0.12481098057462127,15,15860
HU01G02529,5.52189,4.829421,3.353717549885816e-08,8.775033608121048e-06,0.9285714285714283,0.197859718506461,15,9495
HU05G00112,5.511238,4.994437,3.563180590788696e-08,9.23596389584341e-06,0.9285714285714283,0.1177154821449362,15,111
HU08G01405,5.509409,4.9858375,3.600403081481903e-08,9.246035135638943e-06,0.9285714285714283,0.1200418750727018,15,24549
HU03G01865,5.504567,8.390066,3.70076281513678e-08,9.416574007139322e-06,0.8571428571428569,0.010236128882168183,15,11634
HU01G00235,5.488105,4.7621436,4.0626896457553074e-08,1.0243517938638494e-05,0.9285714285714283,0.14063045248342732,15,7201
HU03G00738,5.460022,7.3085237,4.7607573870359267e-08,1.158242159030188e-05,0.8571428571428569,0.02442712574153782,15,10507
HU01G00584,5.460022,7.2834516,4.7607573870359267e-08,1.158242159030188e-05,0.8571428571428569,0.022798650692101952,15,7550
HU06G01661,5.4390407,7.0455804,5.356828375275094e-08,1.2807899567952995e-05,0.8571428571428569,0.025590322205420585,15,22097
HU10G00857,5.4277964,6.8108134,5.705401482297378e-08,1.3524727359958784e-05,0.8571428571428569,0.026288240083750244,15,17123
HU01G01167,5.408483,6.7897363,6.356086705109343e-08,1.4939497014085392e-05,0.8571428571428569,0.032336861695940584,15,8133
HU07G01943,5.3895993,4.713441,7.061485537659195e-08,1.6458008519914098e-05,0.9285714285714283,0.15179713853670218,15,4283
HU05G00106,5.3758273,6.357185,7.62319181213891e-08,1.7619102075806055e-05,0.8571428571428569,0.050715365825287705,15,105
HU06G00395,5.343279,6.173696,9.128013261894897e-08,2.0582556733223982e-05,0.8571428571428569,0.043503547749214784,15,20831
HU01G01786,5.336393,4.479568,9.481393002022216e-08,2.1037314792886892e-05,0.9285714285714283,0.17203675700826287,15,8752
HU10G00886,5.304436,4.5615005,1.1302167939081562e-07,2.4413188048819963e-05,0.9285714285714283,0.12213562870769083,15,17152
HU05G00283,5.302177,5.8597245,1.1442994217943375e-07,2.4413188048819963e-05,0.8571428571428569,0.060718855414679175,15,282
HU11G01360,5.293784,5.660032,1.1981080373450008e-07,2.5366050699056184e-05,0.8571428571428569,0.09352099569617399,15,26848
HU10G00525,5.277537,5.7217913,1.309317563676864e-07,2.751054744589229e-05,0.8571428571428569,0.05106432476445252,15,16791
HU06G02676,5.270113,5.7175126,1.36339934985096e-07,2.843148944971156e-05,0.8571428571428569,0.06211469117133845,15,23112
HU06G01503,5.2481627,5.5912013,1.5362336614750213e-07,3.179659746344009e-05,0.8571428571428569,0.05978829824357299,15,21939
HU01G00687,5.2392864,5.4033804,1.611988741569122e-07,3.311741314623674e-05,0.8571428571428569,0.07490985227404921,15,7653
HU04G01712,5.2263207,5.3077116,1.7291630291216017e-07,3.526348280344678e-05,0.8571428571428569,0.10550191927416681,15,6434
HU10G01968,5.2247066,5.50597,1.7443130218452863e-07,3.5312789533488335e-05,0.8571428571428569,0.0680469931371407,15,18234
HU04G00169,5.198507,5.3595347,2.0089572162992485e-07,4.0285423033466484e-05,0.8571428571428569,0.07863208095847417,15,4891
HU05G00440,5.196247,5.2460785,2.0335169369696442e-07,4.0285423033466484e-05,0.8571428571428569,0.08782133302314828,15,439
HU03G01788,5.1564903,4.819412,2.5162174097539686e-07,4.880230060106735e-05,0.8571428571428569,0.1407467721298156,15,11557
HU04G00967,5.1462684,4.8910837,2.657191756680866e-07,5.117862039690543e-05,0.8571428571428569,0.18890310573456345,15,5689
HU09G00355,5.134433,5.0309086,2.829963429739768e-07,5.37596135094743e-05,0.8571428571428569,0.11562172850994716,15,18670
HU11G01067,5.1293755,4.9331408,2.907047639915673e-07,5.4848276389837545e-05,0.8571428571428569,0.09328835640339743,15,26555
HU08G01835,5.074447,4.792919,3.8862405072320205e-07,7.104798356455749e-05,0.8571428571428569,0.12132139118297287,15,24979
HU06G00205,5.074447,4.9849396,3.8862405072320205e-07,7.104798356455749e-05,0.8571428571428569,0.15842735838083413,15,20641
HU08G00014,5.072887,4.800327,3.9182504312974607e-07,7.104798356455749e-05,0.8571428571428569,0.1291148074909876,15,23158
HU05G00383,5.0524435,8.458001,4.3619318623893297e-07,7.855725987231692e-05,0.7857142857142855,0.007560777015237866,15,382
HU04G01891,5.027266,7.399385,4.975224195403095e-07,8.789034589777379e-05,0.7857142857142855,0.014074677212981246,15,6613
HU10G00494,5.014946,7.3370247,5.304837351014538e-07,9.312004046227101e-05,0.7857142857142855,0.015470512969640542,15,16760
HU08G02214,5.0072527,4.6026764,5.52124037768222e-07,9.630918356919269e-05,0.8571428571428569,0.12039083401186663,15,25358
HU02G01293,4.9608245,6.474205,7.019457349524308e-07,0.00012092214260189857,0.7857142857142855,0.024543445387926098,15,14081
HU02G02837,4.9373684,6.2917867,7.918382486890236e-07,0.00013556564090981524,0.7857142857142855,0.02419448644876127,15,15625
HU08G01154,4.902238,4.3643446,9.47510132183863e-07,0.00016023898485438684,0.8571428571428569,0.11108526230080425,15,24298
HU05G01438,4.8929305,5.9792423,9.934540032356505e-07,0.00016699058654388342,0.7857142857142855,0.03978131906479005,15,1437
HU11G01413,4.8797503,5.811381,1.0622038488327864e-06,0.00017747122739383936,0.7857142857142855,0.05618238920553653,15,26901
HU07G02147,4.8729177,5.819561,1.0996209329463248e-06,0.00018262267410339112,0.7857142857142855,0.050715365825287705,15,4487
HU03G01319,4.8585534,5.753951,1.1824653551744415e-06,0.0001952123608676377,0.7857142857142855,0.02803303477957439,15,11088
HU02G01258,4.8377333,4.2299514,1.3132819027525885e-06,0.00021300510861311722,0.8571428571428569,0.13481447016401332,15,14046
HU02G00016,4.8154607,5.2857485,1.4686068340401788e-06,0.00023409086518450783,0.7857142857142855,0.05211120158194698,15,12804
HU04G01846,4.7711844,5.269905,1.8314576108382654e-06,0.00028698009512202993,0.7857142857142855,0.09096196347563183,15,6568
HU03G00367,4.769947,4.1323867,1.842743561647398e-06,0.00028712636338365494,0.8571428571428569,0.1678492497382848,15,10136
HU03G01473,4.7113066,4.978301,2.4613367150589026e-06,0.0003792509655119926,0.7857142857142855,0.06246365011050327,15,11242
HU05G00389,4.7098002,4.9306784,2.4795976073451344e-06,0.000379953810164184,0.7857142857142855,0.0882866116087014,15,388
HU10G00571,4.708348,5.0818267,2.497329448242089e-06,0.0003805683090494195,0.7857142857142855,0.07072234500407114,15,16837
HU08G02202,4.703936,3.954621,2.5519310072278565e-06,0.00038676396986592676,0.8571428571428569,0.18506455740375022,15,25346
HU11G01055,4.618181,4.6211557,3.871182654933821e-06,0.0005711023985882421,0.7857142857142855,0.1200418750727018,15,26543
HU08G01945,4.5967693,8.534364,4.290922969388007e-06,0.0006194966703145576,0.7142857142857141,0.006513900197743394,15,25089
HU10G00572,4.595801,8.187519,4.310901653892541e-06,0.0006194966703145576,0.7142857142857141,0.006513900197743394,15,16838
HU11G01213,4.5854716,4.4212894,4.529628963249341e-06,0.0006475735015243324,0.7857142857142855,0.11445853204606436,15,26701
HU08G02096,4.5810065,4.592377,4.6274392163293145e-06,0.0006548062584943548,0.7857142857142855,0.07851576131208589,15,25240
HU04G00309,4.565566,7.377035,4.981482255745989e-06,0.0006867796609030518,0.7142857142857141,0.016517389787135028,15,5031
HU09G00169,4.5649743,3.8111215,4.99555530164376e-06,0.0006867796609030518,0.8571428571428569,0.16947772478772072,15,18484
HU05G00225,4.5538917,4.5062475,5.266245323180344e-06,0.0007128491602110971,0.7857142857142855,0.07560777015237889,15,224
HU09G00385,4.550072,7.0206656,5.362754088553627e-06,0.0007190826630454146,0.7142857142857141,0.01465627544492262,15,18700
HU03G00713,4.5499105,4.336562,5.366868983248632e-06,0.0007190826630454146,0.7857142857142855,0.0686285913690821,15,10482
HU02G00138,4.5355463,6.79035,5.745452903489623e-06,0.0007661064244148303,0.7142857142857141,0.015703152262417093,15,12926
HU11G01431,4.5217204,3.696748,6.133910210269074e-06,0.0008024716966123244,0.8571428571428569,0.15098290101198422,15,26919
HU04G01864,4.5032673,4.2252407,6.691663632997436e-06,0.0008632246086566693,0.7857142857142855,0.09072932418285527,15,6586
HU09G01610,4.4819093,6.0940747,7.397820900895181e-06,0.0009499007531774437,0.7142857142857141,0.02547400255903231,15,19925
HU10G01400,4.4457026,5.742416,8.760500773683245e-06,0.0011038340659552536,0.7142857142857141,0.03454693497731777,15,17666
HU05G01875,4.444842,4.0198116,8.79564912839773e-06,0.0011038340659552536,0.7857142857142855,0.11271373735024016,15,1874
HU08G02156,4.401319,3.431918,1.0759485104742327e-05,0.001344208645855984,0.8571428571428569,0.17610794463185267,15,25300
HU05G02236,4.391151,5.33978,1.1275222092199144e-05,0.00140232414675849,0.7142857142857141,0.04571362103059197,15,2235
HU08G01333,4.357204,5.1924973,1.317344557506802e-05,0.001616661562055361,0.7142857142857141,0.050715365825287705,15,24477
HU02G01145,4.3529,3.739224,1.343483540732554e-05,0.0016414764758686071,0.7857142857142855,0.1898336629056697,15,13933
HU02G00554,4.3384285,3.8673446,1.4350527710567421e-05,0.0017456661668973133,0.7857142857142855,0.12167035012213771,15,13342
HU09G01633,4.284576,4.765332,1.8308810256425846e-05,0.002198246114553986,0.7142857142857141,0.07560777015237889,15,19948
HU03G00581,4.2651544,4.6951423,1.9976383567362178e-05,0.0023778755289304288,0.7142857142857141,0.05164592299639389,15,10350
HU08G00082,4.226581,3.6511354,2.3726890484569108e-05,0.0028002779046362733,0.7857142857142855,0.16447597999302468,15,23226
HU05G01289,4.216252,4.571281,2.4839656430157285e-05,0.0029191858944509,0.7142857142857141,0.07165290217517738,15,1288
HU10G01948,4.1979065,3.5201964,2.6939402290773106e-05,0.0031525920782050298,0.7857142857142855,0.14947074560893658,15,18214
HU03G00591,4.1839185,4.361083,2.865266460751401e-05,0.003325027836357327,0.7142857142857141,0.06304524834244467,15,10360
HU10G00887,4.1529846,3.6654606,3.2816701736635535e-05,0.0037766440774505664,0.7857142857142855,0.1458648365708999,15,17153
HU09G00301,4.122642,3.3849595,3.745514942119247e-05,0.004249000135758524,0.7857142857142855,0.16005583343027005,15,18616
HU03G01715,4.115433,7.429094,3.864531888587026e-05,0.004357024062193544,0.6428571428571427,0.00814237524717924,15,11484
HU05G02038,4.111721,7.298445,3.9272082587457455e-05,0.004409761986085557,0.6428571428571427,0.010119809235779908,15,2037
HU05G01614,4.107148,4.2106075,4.005744944110831e-05,0.0044649383292821735,0.7142857142857141,0.11317901593579328,15,1613
HU05G00344,4.1069865,4.194381,4.0085438759374834e-05,0.0044649383292821735,0.7142857142857141,0.08084215423985149,15,343
HU05G01362,4.0925684,6.9399705,4.2662093729563606e-05,0.00467681094699386,0.6428571428571427,0.015005234384087443,15,1361
HU06G00471,4.0893946,4.1574974,4.325007243186062e-05,0.004722601412982891,0.7142857142857141,0.08979876701174903,15,20907
HU02G01047,4.086005,3.9687512,4.388639713745992e-05,0.004773291076891965,0.7142857142857141,0.10050017447947078,15,13835
HU02G03343,4.0813246,4.0133014,4.4779743584515616e-05,0.004851430423111487,0.7142857142857141,0.10003489589391766,15,16131
HU06G02278,4.0773435,4.172084,4.555314914723647e-05,0.004916017866142426,0.7142857142857141,0.10817727114109725,15,22714
HU05G01944,4.0748687,6.461057,4.604028160521338e-05,0.004949330272560438,0.6428571428571427,0.016982668372688133,15,1943
HU02G00798,4.061096,6.252374,4.8842791383663676e-05,0.005210210842407354,0.6428571428571427,0.016982668372688133,15,13586
HU09G00467,4.054533,6.267738,5.0234559759499475e-05,0.005338143735362904,0.6428571428571427,0.01768058625101779,15,18782
HU10G00132,4.0429664,3.9410093,5.277921062014359e-05,0.005587142773090391,0.7142857142857141,0.1165522856810534,15,16398
HU03G00803,4.030754,3.9856577,5.5598208894335774e-05,0.00584097092304698,0.7142857142857141,0.08142375247179288,15,10572
HU09G01375,4.025105,5.926196,5.694986246702186e-05,0.005960394096312646,0.6428571428571427,0.029428870536233706,15,19690
HU03G01450,4.022738,5.8739796,5.7525473693135866e-05,0.005998003807816253,0.6428571428571427,0.03291845992788195,15,11219
HU08G01718,4.020694,3.884626,5.8027022741220946e-05,0.006027638485871771,0.7142857142857141,0.09480051180644507,15,24862
HU06G01062,4.0106874,5.6082873,6.054229632819099e-05,0.006242158322164971,0.6428571428571427,0.029428870536233706,15,21498
HU03G01008,4.007674,3.964288,6.13195788996102e-05,0.006298883410298848,0.7142857142857141,0.11120158194719253,15,10777
HU05G02119,3.999282,5.6190443,6.353499026378951e-05,0.006502372527550562,0.6428571428571427,0.028498313365127495,15,2118
HU03G02561,3.9850252,5.303021,6.74729707250446e-05,0.006838954564200583,0.6428571428571427,0.029545190182621982,15,12330
HU04G00133,3.984326,5.5345755,6.767197812939582e-05,0.006838954564200583,0.6428571428571427,0.029428870536233706,15,4855
HU04G00112,3.9838417,3.8981614,6.781007770525186e-05,0.006838954564200583,0.7142857142857141,0.10061649412585906,15,4834
HU06G02312,3.9779239,3.8047917,6.951965307617815e-05,0.006985969485752901,0.7142857142857141,0.1171338839129948,15,22748
HU06G00629,3.972544,5.3857923,7.110912605142245e-05,0.007094286370633819,0.6428571428571427,0.04024659765034314,15,21065
HU02G00140,3.9571037,5.335494,7.586400396153763e-05,0.0074878581846023,0.6428571428571427,0.03664068861230668,15,12928
HU08G02059,3.94742,5.2990127,7.899792107414799e-05,0.007742075409863937,0.6428571428571427,0.04164243340700242,15,25203
HU04G02120,3.9342394,5.0288477,8.346060710416597e-05,0.008150633584626914,0.6428571428571427,0.045132022798650605,15,6842
HU06G01932,3.910568,4.9223647,9.207937442668471e-05,0.008929445628405945,0.6428571428571427,0.03861812260090732,15,22368
HU01G00880,3.9024444,3.5987225,9.522615718961695e-05,0.009202430207853749,0.7142857142857141,0.11155054088635737,15,7846
HU05G00459,3.8924377,3.7080996,9.92419671692901e-05,0.009530478217356133,0.7142857142857141,0.11445853204606436,15,458
HU02G00171,3.8867888,3.1884873,0.00010157901771866564,0.009648267316531478,0.7857142857142855,0.17029196231243868,15,12959
HU03G00625,13.86458,2.8835485,1.0383119718953113e-43,1.5156622389745505e-40,0.4596153846153832,0.10666172290198928,3,10394
HU03G02586,13.716509,2.087592,8.086690299003413e-43,1.1214217772142982e-39,0.5480769230769214,0.18502039302929074,3,12355
HU05G01229,13.683296,2.3482296,1.2776705739228976e-42,1.687437779416741e-39,0.5173076923076907,0.15980719317760383,3,1228
HU02G00260,12.453104,1.9477313,1.345099591307944e-35,1.3817161912935492e-32,0.5173076923076907,0.1848967989123707,3,13048
HU07G00967,12.244568,1.8896385,1.7963229617377194e-34,1.6071295917353435e-31,0.5153846153846138,0.19194166357681264,3,3307
HU10G00417,11.901025,1.9012691,1.1690233990391078e-32,9.536136462455781e-30,0.4942307692307677,0.17599802249412827,3,16683
HU01G00674,11.780906,1.8996595,4.896405929912444e-32,3.7722727351700456e-29,0.4923076923076908,0.1892225930045719,3,7640
HU04G00771,11.740796,1.8243282,7.874158433415914e-32,5.902426598670009e-29,0.4961538461538446,0.18588555184773098,3,5493
HU08G01369,11.409875,2.347658,3.732673060747081e-30,2.525016764385861e-27,0.40576923076922955,0.10938079347423002,3,24513
HU02G03368,9.959162,1.7333574,2.2999289784578706e-23,1.13908089674159e-20,0.45192307692307554,0.19045853417377223,3,16156
HU05G01353,9.801263,1.6090398,1.1118689936906755e-22,5.3168425068984283e-20,0.4461538461538448,0.1888518106538118,3,1352
HU06G02554,9.355754,1.7019209,8.30054748077958e-21,3.385524770285613e-18,0.4019230769230757,0.15214435792856174,3,22990
HU05G01923,9.181321,1.5359607,4.258335574590481e-20,1.6872133880180996e-17,0.4134615384615372,0.1651217402051653,3,1922
HU03G02451,9.106435,1.5402052,8.513384117616883e-20,3.2794265069736704e-17,0.4211538461538449,0.1757508342602882,3,12220
HU08G00192,8.6819725,1.4922968,3.88963711257997e-18,1.3318405594741416e-15,0.4019230769230757,0.16932394018044644,3,23336
HU11G00642,22.170328,4.80444,6.642443765842035e-109,1.8422817784562885e-105,0.8305647840531596,0.15150421179302181,4,26130
HU11G00278,21.841547,4.732015,9.35327246966312e-106,2.358300108600969e-102,0.8205980066445216,0.16317689530685983,4,25766
HU07G01366,17.869984,4.162061,2.020528063175754e-71,2.8019672916089765e-68,0.6877076411960158,0.12430806257521358,4,3706
HU07G01138,16.746607,3.791961,5.994900408644492e-63,7.229067949293696e-60,0.6677740863787399,0.14308062575210778,4,3478
HU06G01551,14.372484,4.114338,7.701783550054216e-47,7.120298892025121e-44,0.5481727574750846,0.08134777376654706,4,21987
HU11G00321,14.344032,3.6812277,1.161090404878104e-46,1.0388013670740069e-43,0.5714285714285732,0.1078219013237085,4,25809
HU0G00116,11.943769,2.9552877,6.997828632086522e-33,5.1074941344978865e-30,0.5182724252491708,0.134897713598077,4,27526
HU09G01096,11.50597,4.3680916,1.2309752931605741e-30,8.53527493895213e-28,0.4252491694352168,0.043200962695547365,4,19411
HU11G00285,9.456414,2.635028,3.1868339510522034e-21,1.9641519918318413e-18,0.4252491694352168,0.11636582430806515,4,25773
HU0G00120,8.755803,2.5854948,2.0265532730408153e-18,1.170967813078896e-15,0.40199335548172827,0.1190132370637813,4,27547
HU0G00040,8.622851,2.4491317,6.530733175489461e-18,3.5515663651411806e-15,0.40863787375415356,0.1323706377858028,4,27604
HU0G00137,7.840375,1.9299661,4.492031333675191e-15,2.076441483991357e-12,0.4318936877076421,0.1883273164861603,4,27564
HU02G03368,18.551142,3.026277,7.983852233553962e-77,2.460357129973546e-73,0.6275229357798127,0.177783287875031,5,16156
HU06G00012,16.153894,3.3320563,1.0661282703348226e-58,2.2745436598258697e-55,0.5137614678899078,0.11790230597570048,5,20448
HU05G00832,12.635876,2.5750492,1.3389570263128386e-36,1.2805507974064337e-33,0.42201834862385323,0.09571038928837095,5,831
HU05G01353,11.319476,1.7928538,1.0509859365430278e-29,7.287273737505218e-27,0.47522935779816516,0.1860897594842549,5,1352
HU03G00401,10.537873,1.655093,5.779073297679416e-26,3.142796037473306e-23,0.46238532110091746,0.18336226134391273,5,10170
HU04G02126,9.516446,1.4361914,1.792023395750363e-21,7.530571042596411e-19,0.45137614678899085,0.1979915695512026,5,6848
HU06G00496,9.43073,1.5973337,4.072435473160382e-21,1.6369419977985968e-18,0.41467889908256883,0.17195636002975453,5,20932
HU11G00825,8.61839,1.4056855,6.790198947299302e-18,2.268989973534291e-15,0.4018348623853211,0.1743119266055046,5,26313
HU01G01891,18.828854,2.9566205,4.3813868416151585e-79,2.025296067536607e-75,0.5221238938053085,0.14028132992327472,7,8857
HU01G02134,18.692522,2.5370214,5.695650037009651e-78,2.256697911092324e-74,0.5638432364096085,0.18657289002557328,7,9100
HU01G01890,17.503544,3.003859,1.346257126356589e-68,3.111536783291666e-65,0.4766118836915278,0.11189258312020621,7,8856
HU05G01989,16.176943,2.6031709,7.334681791882444e-59,1.2714212468616224e-55,0.49051833122629385,0.16074168797953928,7,1988
HU08G01783,16.075747,2.560464,3.7742274545440244e-58,6.157541085398737e-55,0.48546144121365165,0.1557544757033248,7,24927
HU06G00546,15.672076,2.777863,2.34784357679934e-55,3.4272337685541944e-52,0.4412136536030324,0.11368286445012955,7,20982
HU06G00945,15.139045,2.170384,8.950461725090158e-52,1.18210026640655e-48,0.4917825537294544,0.18337595907928195,7,21381
HU02G00350,13.755193,2.2394454,4.7401808503338975e-43,4.695318424428951e-40,0.43742098609355073,0.14987212276214873,7,13138
HU03G01112,11.891448,1.7067804,1.311139420957859e-32,7.421316702095146e-30,0.43742098609355073,0.1854219948849084,7,10881
HU11G01438,11.766011,1.864452,5.842198320094358e-32,3.177124909957197e-29,0.4045512010113764,0.15831202046035786,7,26926
HU05G01893,14.957395,5.803865,1.3937648518164251e-50,1.288535605504285e-46,0.8045112781954908,0.09801840056616974,8,1892
HU08G01068,13.2845545,5.735686,2.8454629812693694e-40,8.768768420611774e-37,0.7067669172932345,0.05543760320830414,8,24212
HU10G00163,13.1945095,5.634529,9.43671142673912e-40,2.617271914206095e-36,0.7067669172932345,0.07454588346308062,8,16429
HU01G00241,13.147527,5.606351,1.7583140383973776e-39,4.373912768815013e-36,0.7067669172932345,0.07832035857513515,8,7207
HU02G00988,12.320669,5.661644,7.011043138962459e-35,1.0802848969951323e-31,0.6541353383458657,0.04800660533144634,8,13776
HU10G00161,11.818363,4.638195,3.1373732043940527e-32,3.6256269093278775e-29,0.6691729323308282,0.12373201226704124,8,16427
HU05G00063,11.622876,5.213386,3.1533967641108626e-31,3.3638253558697992e-28,0.6240601503759406,0.0507195093182357,8,62
HU03G02738,11.606266,6.5182767,3.8297789984898993e-31,3.934034093448791e-28,0.6015037593984969,0.022410945977825045,8,12507
HU08G00289,11.569847,3.7345316,5.8587018350010574e-31,5.803253406919797e-28,0.6992481203007532,0.16135881104033487,8,23433
HU10G01522,11.561656,4.5894423,6.4453429142563225e-31,6.164192611272383e-28,0.6466165413533844,0.08763859400801978,8,17788
HU04G01643,11.400514,5.0809917,4.156595850338813e-30,3.718812448682161e-27,0.6390977443609032,0.09896201934418337,8,6365
HU08G02202,11.236471,3.670221,2.6996035802763134e-29,2.2688940999685925e-26,0.6842105263157907,0.17834394904458026,8,25346
HU01G01935,11.203391,5.086357,3.924170818024448e-29,3.201084636409061e-26,0.6090225563909781,0.05862231658410034,8,8901
HU11G01396,11.177396,4.116074,5.26113286605543e-29,4.1690720011442094e-26,0.6616541353383469,0.15711252653927352,8,26884
HU09G01551,11.138059,4.1039066,8.188443197561193e-29,6.308513113454436e-26,0.6466165413533844,0.13151686718565372,8,19866
HU11G00445,11.026676,4.1546545,2.8417548018574634e-28,2.1301640386355875e-25,0.6390977443609032,0.14000943618777642,8,25933
HU01G00503,10.973384,5.1754837,5.13154889813454e-28,3.64932073563491e-25,0.5864661654135344,0.04458598726114672,8,7469
HU03G00367,10.712405,3.5537326,8.901834465306877e-27,5.611190429438323e-24,0.6616541353383469,0.16124085869308316,8,10136
HU02G00171,10.417223,3.6221786,2.06906125063734e-25,1.2475089953571004e-22,0.6466165413533844,0.16383581033262065,8,12959
HU05G01229,10.368607,3.8365588,3.445132984067596e-25,2.032994964108825e-22,0.6315789473684219,0.17433356923802232,8,1228
HU06G02278,10.361821,3.9731462,3.698506527826455e-25,2.1370433031097236e-22,0.6015037593984969,0.10143901863646916,8,22714
HU06G00156,10.288896,5.661444,7.907782063395002e-25,4.300437951534518e-22,0.5413533834586468,0.027718801604152042,8,20592
HU06G00852,10.1621685,3.5647852,2.9249774811731086e-24,1.3986939731092442e-21,0.6315789473684219,0.16359990563811724,8,21288
HU04G01751,10.077519,3.2822106,6.945762048429089e-24,3.1580444330029637e-21,0.6466165413533844,0.17893371078083878,8,6473
HU11G01223,9.951899,3.1624918,2.474164376907434e-23,1.0722023280238701e-20,0.6466165413533844,0.1939136588818052,8,26711
HU03G02824,9.923495,6.1821694,3.29028689680999e-23,1.4039401089696164e-20,0.5263157894736843,0.04458598726114672,8,12593
HU11G01431,9.919276,3.4801943,3.432346192352617e-23,1.4423654794681793e-20,0.6090225563909781,0.144963434772348,8,26919
HU01G00135,9.861397,4.7938538,6.119216305479264e-23,2.459658901919817e-20,0.5488721804511281,0.0852795470629857,8,7101
HU04G01768,9.814872,3.382485,9.716185832105752e-23,3.742755750742403e-20,0.6240601503759406,0.16890776126444393,8,6490
HU05G01921,9.510075,3.8064516,1.9052574791485404e-21,6.77465592104933e-19,0.5563909774436093,0.09318235432884987,8,1920
HU08G00014,9.505628,3.4513748,1.9884499967393845e-21,6.980969703742636e-19,0.5789473684210531,0.12326020287803442,8,23158
HU05G01615,9.495943,4.679171,2.1822707224100276e-21,7.565659810755264e-19,0.518796992481203,0.05414012738853532,8,1614
HU08G01026,9.251979,3.4118147,2.2037372672955535e-20,7.276268227195497e-18,0.5714285714285718,0.12986553432412987,8,24170
HU02G01190,9.174291,4.572921,4.545585347194052e-20,1.4831977600520826e-17,0.5037593984962405,0.04635527246992239,8,13978
HU08G01810,9.0920315,3.833365,9.720540755777332e-20,3.0988413547297046e-17,0.5338345864661656,0.0882283557442783,8,24954
HU06G00580,9.046491,3.9941916,1.4763701593219102e-19,4.653082541908316e-17,0.518796992481203,0.07242274121254995,8,21016
HU03G01381,8.954845,3.3916864,3.402105488728275e-19,1.0038020822327522e-16,0.5488721804511281,0.11146496815286401,8,11150
HU06G01628,8.901501,4.083216,5.509658936548582e-19,1.608530427422894e-16,0.5037593984962405,0.06133522057088969,8,22064
HU03G01216,8.793914,5.9333,1.4443804586130507e-18,4.0877440836360166e-16,0.45864661654135336,0.016631280962491203,8,10985
HU04G01716,8.76725,2.9543478,1.830824739789386e-18,5.077792415805862e-16,0.5714285714285718,0.1335220570889327,8,6438
HU06G00916,8.708052,3.0886064,3.0914109384987213e-18,8.324299260122527e-16,0.5563909774436093,0.13328615239442929,8,21352
HU02G00922,8.620837,3.9927151,6.646657625736985e-18,1.722850927568367e-15,0.48872180451127817,0.07159707478178802,8,13710
HU01G02529,8.582256,2.5884418,9.303026165934796e-18,2.3456311882927413e-15,0.6090225563909781,0.19261618306203646,8,9495
HU06G00603,8.575893,3.089059,9.83206492962874e-18,2.4347528644933315e-15,0.5563909774436093,0.1707949988204712,8,21039
HU10G01146,8.555751,2.9095023,1.171043558176339e-17,2.874238326196528e-15,0.5563909774436093,0.14885586223165423,8,17412
HU10G01916,8.487606,5.785232,2.109376583091478e-17,5.043410304486392e-15,0.44360902255639095,0.01722104269874976,8,18182
HU05G00526,8.476867,4.827064,2.3134019061274856e-17,5.483948877474001e-15,0.45864661654135336,0.03951403632932315,8,525
HU02G00313,8.406929,2.7805715,4.208857254769223e-17,9.647326938927637e-15,0.5789473684210531,0.18766218447746488,8,13101
HU02G03040,8.33019,3.8568609,8.071316575440713e-17,1.805306171127808e-14,0.48872180451127817,0.08905402217504023,8,15828
HU05G01468,8.205993,2.944942,2.28693251156223e-16,4.9169048998587946e-14,0.5263157894736843,0.1280962491153543,8,1467
HU07G00862,8.169626,5.1212716,3.093452958912085e-16,6.599762908878975e-14,0.43609022556390975,0.028190610993158886,8,3202
HU10G01968,8.050545,3.9934564,8.242626565245054e-16,1.6826411410741603e-13,0.45864661654135336,0.06322245812691703,8,18234
HU04G01735,8.02766,4.997939,9.934931765140583e-16,2.011279799315139e-13,0.42857142857142855,0.027836753951403753,8,6457
HU10G00195,8.019329,3.1554132,1.0632461887357559e-15,2.136893698883057e-13,0.49624060150375937,0.10297239915074131,8,16461
HU01G02137,8.006269,4.04106,1.1824068124922378e-15,2.359284384494404e-13,0.45112781954887216,0.04989384288747372,8,9103
HU05G00340,7.9169445,3.6812015,2.434178790066481e-15,4.624106078253004e-13,0.45864661654135336,0.06841236140599201,8,339
HU03G00751,7.9159603,2.9036455,2.4535162558374113e-15,4.629134241880994e-13,0.518796992481203,0.1480301958008923,8,10520
HU10G00594,7.90958,4.5926805,2.5825845453438347e-15,4.839728538183193e-13,0.42857142857142855,0.034677990092002994,8,16860
HU03G02498,7.845478,4.770958,4.313071920681809e-15,7.922056272854965e-13,0.42105263157894735,0.026775182826138354,8,12267
HU09G02039,7.813313,3.093227,5.570412010905798e-15,1.0164169547531073e-12,0.5037593984962405,0.13989148384052472,8,20354
HU06G00886,7.8015714,3.9901564,6.114089745185389e-15,1.1011316823553037e-12,0.44360902255639095,0.061571125265393115,8,21322
HU06G00205,7.7795305,2.6560576,7.279420158982373e-15,1.2778146715783297e-12,0.5413533834586468,0.1535739561217224,8,20641
HU04G01571,7.7766304,3.724322,7.448183925267025e-15,1.299216233756484e-12,0.45112781954887216,0.06581740976645452,8,6293
HU10G00162,7.7306147,5.4427996,1.0702852941786439e-14,1.8437492319282415e-12,0.40601503759398494,0.016631280962491203,8,16428
HU08G01659,7.7172036,3.2585728,1.189095464123976e-14,2.0357754751529923e-12,0.48120300751879697,0.11559330030667365,8,24803
HU06G02512,7.634576,3.7371888,2.265650540972925e-14,3.7403462948740524e-12,0.43609022556390975,0.05425807973578703,8,22948
HU01G01850,7.6095114,2.763002,2.7513370771861953e-14,4.515286025784564e-12,0.5112781954887218,0.13611700872847018,8,8816
HU10G00606,7.5947824,2.5757594,3.083102550059865e-14,5.000575978123413e-12,0.5413533834586468,0.17598490209954618,8,16872
HU07G00927,7.5566764,2.361282,4.134997869360465e-14,6.66768406434375e-12,0.5563909774436093,0.17999528190610412,8,3267
HU05G01476,7.5089555,2.8191378,5.960095813625295e-14,9.555101583288876e-12,0.49624060150375937,0.13470158056144974,8,1475
HU01G01591,7.463063,3.934455,8.453395639289575e-14,1.2953310942303666e-11,0.42857142857142855,0.06275064873791021,8,8557
HU08G01667,7.4068527,3.0328593,1.293318863147724e-13,1.9601201458689687e-11,0.48120300751879697,0.13222458126916395,8,24811
HU10G00571,7.4053235,3.5114868,1.3083102071067785e-13,1.9720643257666577e-11,0.43609022556390975,0.06617126680820963,8,16837
HU11G01580,7.370961,2.5015728,1.6940205482249517e-13,2.4991308460116506e-11,0.518796992481203,0.1682000471809337,8,27068
HU07G01943,7.36887,2.5640323,1.7208080951940373e-13,2.5252175936617262e-11,0.5112781954887218,0.14744043406463378,8,4283
HU02G00549,7.3251038,3.881734,2.387138821809287e-13,3.448296626191696e-11,0.42105263157894735,0.05767869780608665,8,13337
HU06G00796,7.30134,4.217102,2.849154038172618e-13,4.052373705062439e-11,0.40601503759398494,0.044939844302901856,8,21232
HU07G01016,7.2057233,2.362938,5.773658742293016e-13,8.00662126087484e-11,0.518796992481203,0.1881339938664717,8,3356
HU05G01922,7.187461,3.4355354,6.600722219810097e-13,9.108011480917067e-11,0.42105263157894735,0.060627506487379426,8,1921
HU01G00838,7.172978,3.0284622,7.338370676002339e-13,1.0075728252422024e-10,0.44360902255639095,0.08693087992450955,8,7804
HU04G01152,7.135645,3.588979,9.63342822001163e-13,1.3033323496684026e-10,0.42105263157894735,0.07041755130927098,8,5874
HU09G00170,7.1013355,3.438102,1.2355704596870245e-12,1.6396433827473507e-10,0.42857142857142855,0.08303845246520332,8,18485
HU09G01266,7.014243,3.0371735,2.311969868737605e-12,2.927967320065638e-10,0.44360902255639095,0.10002359046944871,8,19581
HU05G01449,6.8886228,3.3267667,5.633506902346121e-12,6.913509466219897e-10,0.41353383458646614,0.06970983722576075,8,1448
HU06G00401,6.8625393,3.3549578,6.7647208674520876e-12,8.228926897315072e-10,0.40601503759398494,0.061453172918141404,8,20837
HU09G01737,6.8459644,2.4362276,7.596240566047641e-12,9.160075308666579e-10,0.48120300751879697,0.1505071950931781,8,20052
HU07G01413,6.7266364,3.0254982,1.7362981603744098e-11,2.040518198219672e-09,0.42105263157894735,0.09223873555083624,8,3753
HU05G01614,6.68215,2.7654269,2.3546189144969854e-11,2.755500236015776e-09,0.43609022556390975,0.10910592120782993,8,1613
HU07G00998,6.6181536,2.7092304,3.637135537001078e-11,4.220751218356691e-09,0.43609022556390975,0.10710073130455096,8,3338
HU02G02945,6.5307446,2.4286199,6.544346986688923e-11,7.378352181943792e-09,0.45112781954887216,0.12868601085161283,8,15733
HU08G00082,6.527317,2.4285116,6.695812483576073e-11,7.518557053926413e-09,0.46616541353383456,0.16076904930407634,8,23226
HU08G01871,6.4381156,2.7056034,1.2096573355329678e-10,1.3156802431767396e-08,0.41353383458646614,0.08858221278603341,8,25015
HU09G00169,6.402576,2.323714,1.527772619890078e-10,1.642355566381834e-08,0.47368421052631576,0.16584100023589962,8,18484
HU02G01705,6.3195963,2.782826,2.6224729433039445e-10,2.6839220325658635e-08,0.40601503759398494,0.09424392545411521,8,14493
HU11G00122,6.3095427,2.379612,2.798613865455636e-10,2.8432071633117968e-08,0.47368421052631576,0.1855390422269342,8,25610
HU10G00784,6.2735634,2.142126,3.5287766897181345e-10,3.482940266524287e-08,0.49624060150375937,0.18589289926868932,8,17050
HU02G02145,6.266251,2.2211933,3.698433543243621e-10,3.62459555907639e-08,0.46616541353383456,0.1625383345128519,8,14933
HU08G00368,6.2071233,2.6450572,5.39632143454939e-10,5.1787880618417764e-08,0.40601503759398494,0.09801840056616974,8,23512
HU03G01642,6.205893,2.2680094,5.438715181168253e-10,5.2014746741276375e-08,0.46616541353383456,0.16914366595894734,8,11411
HU10G01007,6.1920776,2.6575706,5.937622194899975e-10,5.6397243690257135e-08,0.40601503759398494,0.0996697334276936,8,17273
HU08G01405,5.9760785,2.4290867,2.2857306512465384e-09,1.9626854369140166e-07,0.41353383458646614,0.1167728237791907,8,24549
HU02G00017,5.9692235,2.4514134,2.38385402008038e-09,2.0406231866336214e-07,0.41353383458646614,0.1225524887945242,8,12805
HU10G00209,5.912943,2.1858082,3.360483929169285e-09,2.850245314235784e-07,0.43609022556390975,0.14095305496579005,8,16475
HU06G00363,5.871884,2.5070646,4.308702076638726e-09,3.5778997633405714e-07,0.40601503759398494,0.12196272705826568,8,20799
HU08G00358,5.7845984,2.48315,7.2685784949692224e-09,5.843305059651345e-07,0.40601503759398494,0.12373201226704124,8,23502
HU04G00967,5.242763,2.0323145,1.5818968766158947e-07,1.020323485417252e-05,0.42105263157894735,0.18636470865769614,8,5689
HU07G02077,5.101658,1.8241246,3.366914003036158e-07,2.0797630261516226e-05,0.41353383458646614,0.1540457655107292,8,4417
HU04G01015,4.9768987,1.8455591,6.461115100875896e-07,3.748933625999854e-05,0.40601503759398494,0.16595895258315133,8,5737
HU03G01225,4.848079,1.7428169,1.246625559523915e-06,6.846566315523917e-05,0.41353383458646614,0.18966737438074385,8,10994
HU01G02584,4.5221553,1.5878391,6.121305867791566e-06,0.00028726635912554836,0.40601503759398494,0.18660061335219955,8,9550
